timestamp,signatures
2025-07-18T11:53:07.280015,195919
2025-07-18T12:06:53.217383,198225
2025-07-18T12:20:06.074019,200605
2025-07-18T12:30:02.429128,202169
2025-07-18T12:40:03.032511,203874
2025-07-18T12:50:02.434921,205556
2025-07-18T13:00:03.081905,207254
2025-07-18T13:10:02.831982,208675
2025-07-18T13:20:02.829315,210135
2025-07-18T13:30:03.135008,211581
2025-07-18T14:00:02.453272,214289
2025-07-18T14:10:03.584115,214648
2025-07-18T14:20:03.371867,215007
2025-07-18T14:30:02.931864,215804
2025-07-18T14:40:03.430675,217126
2025-07-18T15:00:03.232201,219255
2025-07-18T15:10:03.294914,220486
2025-07-18T15:20:02.761904,221971
2025-07-18T15:40:07.693604,225009
2025-07-18T15:50:02.750377,226748
2025-07-18T16:00:02.590853,228354
2025-07-18T16:10:03.896140,229854
2025-07-18T16:53:06.362701,236992
2025-07-18T17:00:02.001184,237950
2025-07-18T17:10:02.325442,239541
2025-07-18T17:20:02.636084,241126
2025-07-18T17:30:02.540208,242736
2025-07-18T21:42:32.147694,283553
2025-07-18T21:50:02.047679,284871
2025-07-18T22:00:02.050774,286758
2025-07-18T22:10:04.486366,288552
2025-07-18T22:20:03.152600,290137
2025-07-18T22:30:02.855012,291525
2025-07-18T22:40:02.983064,292857
2025-07-18T22:50:02.238762,293923
2025-07-18T23:00:01.888404,294829
2025-07-18T23:10:02.062875,295575
2025-07-18T23:20:02.829841,296152
2025-07-18T23:30:01.963477,296812
2025-07-18T23:40:02.355691,297373
2025-07-18T23:50:02.918289,297846
2025-07-19T07:20:02.817015,340363
2025-07-19T07:30:01.945319,344259
2025-07-19T07:40:02.750221,347890
2025-07-19T07:50:02.681938,351661
2025-07-19T08:00:02.753005,355524
2025-07-19T16:40:01.918765,566922
2025-07-19T16:50:02.064494,572481
2025-07-19T17:00:03.321412,577980
2025-07-19T17:10:02.762589,583687
2025-07-19T17:20:02.441960,589081
2025-07-19T17:30:02.803281,594301
2025-07-19T17:40:02.487435,599272
2025-07-19T17:50:02.374348,604175
2025-07-19T18:00:02.142489,608599
2025-07-19T18:10:01.933135,613732
2025-07-19T18:20:02.476957,616036
2025-07-19T18:30:02.426847,619113
2025-07-19T18:40:02.014743,624739
2025-07-19T18:50:02.040898,629663
2025-07-19T19:00:02.246290,634279
2025-07-19T19:10:02.335273,638871
2025-07-19T19:20:02.571177,643222
2025-07-19T19:30:02.508184,647333
2025-07-19T19:40:02.081234,651293
2025-07-19T19:50:02.368604,655076
2025-07-19T20:00:02.456762,659056
2025-07-19T20:10:02.651050,663310
2025-07-19T20:20:02.906838,667186
2025-07-19T20:30:02.284740,670829
2025-07-19T20:40:02.250463,674582
2025-07-19T20:50:02.398169,678209
2025-07-19T21:00:02.950025,681810
2025-07-19T21:10:02.117211,685523
2025-07-19T21:20:02.136493,688692
2025-07-19T21:30:02.204715,691694
2025-07-19T21:40:02.514560,694375
2025-07-19T21:50:02.898436,697004
2025-07-19T22:00:02.584556,699134
2025-07-19T22:10:02.797715,701284
2025-07-19T22:20:02.689250,703388
2025-07-19T22:30:02.685772,705145
2025-07-19T22:40:02.739312,706636
2025-07-19T22:50:02.840493,707867
2025-07-19T23:00:02.327358,708912
2025-07-19T23:10:02.428257,709819
2025-07-19T23:20:02.411697,710686
2025-07-19T23:30:02.416649,711409
2025-07-19T23:40:02.462730,712002
2025-07-19T23:50:02.610427,712523
2025-07-20T00:00:02.551747,712963
2025-07-20T00:10:02.531158,713390
2025-07-20T00:20:02.816643,713762
2025-07-20T00:30:02.024542,714094
2025-07-20T00:40:02.283163,714392
2025-07-20T00:50:02.690748,714678
2025-07-20T01:00:03.183772,714932
2025-07-20T01:10:02.402232,715148
2025-07-20T01:20:02.381368,715350
2025-07-20T01:30:02.494831,715548
2025-07-20T01:40:02.569409,715705
2025-07-20T01:50:02.546087,715867
2025-07-20T02:00:02.657623,716020
2025-07-20T02:10:02.733749,716197
2025-07-20T02:20:02.822421,716348
2025-07-20T02:30:02.742767,716513
2025-07-20T02:40:02.738684,716679
2025-07-20T02:50:03.201926,716841
2025-07-20T03:00:02.413692,717014
2025-07-20T03:10:02.685210,717177
2025-07-20T03:20:03.429326,717385
2025-07-20T03:30:02.542711,717551
2025-07-20T03:40:02.692440,717764
2025-07-20T03:50:02.795511,718001
2025-07-20T04:00:02.866408,718255
2025-07-20T04:10:02.191250,718611
2025-07-20T04:20:02.332260,719030
2025-07-20T04:30:02.520557,719457
2025-07-20T04:40:02.512790,720222
2025-07-20T04:50:02.936710,720885
2025-07-20T05:00:02.553984,721595
2025-07-20T05:10:02.145937,722666
2025-07-20T05:20:02.371701,723876
2025-07-20T05:30:02.336285,725235
2025-07-20T05:40:02.512215,727190
2025-07-20T05:50:02.173542,729058
2025-07-20T06:00:02.208096,731082
2025-07-20T06:10:02.406555,734675
2025-07-20T06:20:02.616833,737650
2025-07-20T06:30:02.695056,740716
2025-07-20T06:40:02.709567,744495
2025-07-20T06:50:03.038693,748382
2025-07-20T07:00:02.303033,752201
2025-07-20T07:10:02.674541,757199
2025-07-20T07:20:02.301577,762243
2025-07-20T07:30:02.546376,767331
2025-07-20T07:40:02.624569,772508
2025-07-20T07:50:01.981199,777956
2025-07-20T08:00:01.972124,783499
2025-07-20T08:10:01.847935,787894
2025-07-20T08:20:01.750241,793482
2025-07-20T08:30:02.096552,799614
2025-07-20T08:40:02.171003,805267
2025-07-20T08:50:02.741731,810552
2025-07-20T09:00:01.868649,815706
2025-07-20T09:10:02.163438,821238
2025-07-20T09:20:02.423739,826619
2025-07-20T09:35:30.220193,834865
2025-07-20T09:40:34.089738,837721
2025-07-20T10:03:24.291092,849048
2025-07-20T10:16:33.482205,855904
2025-07-20T10:30:47.246981,862866
2025-07-20T10:46:04.170621,870292
2025-07-20T10:54:13.700083,874386
2025-07-20T11:03:30.149710,879179
2025-07-20T11:15:58.444624,884218
2025-07-20T11:26:15.494151,889511
2025-07-20T11:34:29.383785,893597
2025-07-20T11:43:17.453451,897732
2025-07-20T11:52:29.278716,901882
2025-07-20T12:06:01.003843,908163
2025-07-20T12:18:50.854185,914429
2025-07-20T12:36:18.331566,922254
2025-07-20T12:57:10.209456,931551
2025-07-20T13:27:45.818929,944320
2025-07-20T13:30:49.633053,945563
2025-07-20T13:38:47.532122,948844
2025-07-20T13:46:55.022211,952266
2025-07-20T13:54:58.108937,955560
2025-07-20T14:03:38.189381,958954
2025-07-20T14:16:08.459339,964096
2025-07-20T14:28:42.308890,969204
2025-07-20T14:39:13.840754,973329
2025-07-20T14:47:40.546567,976521
2025-07-20T14:54:46.296003,979116
2025-07-20T15:03:35.895611,982468
2025-07-20T15:16:27.133193,987359
2025-07-20T15:29:18.037886,992342
2025-07-20T15:38:51.307136,996098
2025-07-20T15:47:11.305852,999302
2025-07-20T15:54:43.720200,1002077
2025-07-20T16:04:17.167601,1006149
2025-07-20T16:31:47.597599,1018369
2025-07-20T16:46:38.185928,1025128
2025-07-20T16:55:37.983439,1029607
2025-07-20T17:03:47.550266,1033867
2025-07-20T17:16:00.458583,1039804
2025-07-20T17:28:06.566431,1046427
2025-07-20T17:38:31.820605,1051362
2025-07-20T17:47:30.586504,1054631
2025-07-20T17:54:39.054436,1057540
2025-07-20T18:05:05.559428,1061281
2025-07-20T18:32:59.762024,1070570
2025-07-20T18:47:50.692657,1076339
2025-07-20T18:53:20.267607,1078575
2025-07-20T18:56:31.889025,1079901
2025-07-20T19:05:04.702055,1083093
2025-07-20T19:07:26.897511,1083884
2025-07-20T19:24:16.444113,1090714
2025-07-20T19:25:23.110829,1091303
2025-07-20T19:32:54.003965,1095333
2025-07-20T19:34:34.493136,1096245
2025-07-20T19:42:55.961521,1100580
2025-07-20T19:52:29.235670,1105583
2025-07-20T20:04:16.257897,1111162
2025-07-20T20:16:56.681713,1117332
2025-07-20T20:30:39.262334,1123585
2025-07-20T20:45:03.297099,1129839
2025-07-20T20:53:16.590591,1133499
2025-07-20T21:03:44.150803,1137777
2025-07-20T21:16:20.079969,1142602
2025-07-20T21:28:01.242251,1146796
2025-07-20T21:36:58.988745,1149309
2025-07-20T21:45:04.213750,1151443
2025-07-20T21:52:29.197783,1153141
2025-07-20T22:03:56.457934,1155472
2025-07-20T22:16:21.741232,1157396
2025-07-20T22:29:29.560407,1159046
2025-07-20T22:40:31.450615,1160175
2025-07-20T22:53:05.689745,1161236
2025-07-20T23:04:02.178178,1161994
2025-07-20T23:16:40.889524,1162767
2025-07-20T23:29:11.647552,1163357
2025-07-20T23:38:58.224539,1163743
2025-07-20T23:47:30.046501,1164057
2025-07-20T23:54:32.486477,1164288
2025-07-21T00:18:12.523602,1164922
2025-07-21T00:46:03.783361,1165472
2025-07-21T01:18:11.411095,1165987
2025-07-21T02:04:17.435064,1166726
2025-07-21T02:54:28.872454,1167587
2025-07-21T03:33:38.718566,1168454
2025-07-21T04:01:50.922931,1169486
2025-07-21T04:29:30.567931,1171452
2025-07-21T04:50:19.689693,1173692
2025-07-21T05:04:31.458929,1175723
2025-07-21T05:18:21.635897,1179134
2025-07-21T05:34:01.621371,1182771
2025-07-21T05:47:56.880416,1187033
2025-07-21T05:56:37.504722,1189920
2025-07-21T06:10:05.080930,1195236
2025-07-21T06:23:55.526894,1200705
2025-07-21T06:44:02.658290,1209050
2025-07-21T06:57:51.668788,1215319
2025-07-21T07:13:48.789387,1223056
2025-07-21T07:30:16.390887,1231313
2025-07-21T07:43:29.121540,1238172
2025-07-21T07:54:20.253904,1243687
2025-07-21T08:06:16.711448,1249555
2025-07-21T08:18:58.945972,1256372
2025-07-21T08:35:41.602707,1264287
2025-07-21T08:50:23.379023,1271084
2025-07-21T09:07:37.262626,1279026
2025-07-21T09:20:48.732828,1285476
2025-07-21T09:40:27.995118,1294182
2025-07-21T09:54:39.455809,1300571
2025-07-21T10:04:36.660562,1304801
2025-07-21T10:16:59.664582,1309861
2025-07-21T10:31:52.855452,1315407
2025-07-21T10:47:33.957817,1321301
2025-07-21T10:56:41.798069,1324775
2025-07-21T11:06:11.235580,1328622
2025-07-21T11:17:16.858455,1333399
2025-07-21T11:28:39.375781,1339200
2025-07-21T11:37:54.794586,1343727
2025-07-21T11:46:33.931412,1347572
2025-07-21T11:54:19.177012,1351008
2025-07-21T12:07:17.313144,1356251
2025-07-21T12:20:51.698343,1361569
2025-07-21T12:45:44.006738,1370471
2025-07-21T13:06:54.649605,1377344
2025-07-21T13:26:05.655668,1383512
2025-07-21T13:45:06.906886,1389135
2025-07-21T13:58:01.863093,1392904
2025-07-21T14:09:50.425120,1396168
2025-07-21T14:22:30.892292,1399638
2025-07-21T14:39:51.240099,1404207
2025-07-21T14:51:06.663038,1407219
2025-07-21T15:04:29.378808,1410880
2025-07-21T15:16:55.085593,1414237
2025-07-21T15:31:22.676197,1418098
2025-07-21T15:45:58.193178,1422171
2025-07-21T15:54:44.745501,1425768
2025-07-21T16:04:29.600468,1429599
2025-07-21T16:17:06.998879,1434018
2025-07-21T16:32:43.334212,1439784
2025-07-21T16:48:54.801924,1445284
2025-07-21T16:59:19.483084,1449070
2025-07-21T17:10:13.400847,1453173
2025-07-21T17:22:53.887784,1457597
2025-07-21T17:38:13.248805,1462954
2025-07-21T17:48:35.168515,1466512
2025-07-21T17:56:04.593181,1468962
2025-07-21T18:07:17.539710,1473358
2025-07-21T18:37:10.007971,1483420
2025-07-21T18:50:55.994687,1489994
2025-07-21T19:04:54.438242,1495527
2025-07-21T19:16:19.846660,1499663
2025-07-21T19:27:49.743444,1503697
2025-07-21T19:36:49.533878,1506655
2025-07-21T19:44:29.374307,1509161
2025-07-21T19:52:26.884468,1511667
2025-07-21T20:04:24.492959,1515200
2025-07-21T20:17:02.970301,1518871
2025-07-21T20:31:33.473108,1522961
2025-07-21T20:45:40.553104,1526742
2025-07-21T20:54:05.525049,1529688
2025-07-21T21:04:00.090288,1532716
2025-07-21T21:16:33.858822,1535458
2025-07-21T21:29:08.542569,1537993
2025-07-21T21:38:53.746034,1539525
2025-07-21T21:47:16.998846,1540711
2025-07-21T21:54:26.830312,1541652
2025-07-21T22:04:15.081198,1542746
2025-07-21T22:16:43.554519,1543785
2025-07-21T22:30:21.624604,1544824
2025-07-21T22:41:45.480550,1545478
2025-07-21T22:53:32.043909,1545991
2025-07-21T23:04:05.092579,1546357
2025-07-21T23:16:38.394117,1546751
2025-07-21T23:28:56.301309,1547083
2025-07-21T23:38:39.766381,1547292
2025-07-21T23:47:19.288168,1547446
2025-07-21T23:54:26.201438,1547573
2025-07-22T00:17:22.505104,1547896
2025-07-22T00:42:50.671005,1548202
2025-07-22T01:16:56.409477,1548555
2025-07-22T02:02:33.663852,1548974
2025-07-22T02:49:44.812619,1549367
2025-07-22T03:23:53.972082,1549826
2025-07-22T03:51:40.993876,1550307
2025-07-22T04:17:08.200046,1551086
2025-07-22T04:34:40.112553,1551853
2025-07-22T04:53:00.460973,1553107
2025-07-22T05:07:47.093450,1554290
2025-07-22T05:20:34.411617,1555621
2025-07-22T05:39:56.871744,1558446
2025-07-22T05:51:13.636193,1560478
2025-07-22T06:05:59.747727,1563160
2025-07-22T06:18:30.753985,1566067
2025-07-22T06:35:04.604287,1570520
2025-07-22T06:50:27.248817,1574547
2025-07-22T07:06:15.451071,1578840
2025-07-22T07:18:20.320614,1582025
2025-07-22T07:31:57.649901,1585652
2025-07-22T07:44:53.659379,1588921
2025-07-22T07:53:07.186160,1591026
2025-07-22T08:05:24.908759,1593999
2025-07-22T08:17:48.304256,1596968
2025-07-22T08:33:51.546577,1600721
2025-07-22T08:48:18.529853,1603816
2025-07-22T08:59:10.734246,1606169
2025-07-22T09:12:13.585004,1609123
2025-07-22T09:30:08.032093,1613010
2025-07-22T09:42:42.899296,1615538
2025-07-22T09:54:20.283654,1617800
2025-07-22T10:04:21.722657,1619697
2025-07-22T10:17:03.843926,1622253
2025-07-22T10:31:57.973723,1624730
2025-07-22T10:47:25.581141,1627809
2025-07-22T10:56:40.419453,1629537
2025-07-22T11:06:03.673993,1631545
2025-07-22T11:16:57.968040,1633800
2025-07-22T11:28:11.505384,1636331
2025-07-22T11:37:33.715198,1638151
2025-07-22T11:46:14.434120,1639791
2025-07-22T11:53:05.543898,1641054
2025-07-22T12:06:47.207948,1643615
2025-07-22T12:20:05.371025,1645922
2025-07-22T12:38:29.035391,1649054
2025-07-22T13:02:11.944779,1652719
2025-07-22T13:24:39.135910,1656482
2025-07-22T13:44:02.854782,1660145
2025-07-22T13:57:48.503577,1662491
2025-07-22T14:09:54.238098,1664569
2025-07-22T14:22:12.507068,1666499
2025-07-22T14:38:25.729240,1668817
2025-07-22T14:49:29.406992,1670814
2025-07-22T14:57:32.048056,1672491
2025-07-22T15:08:53.291265,1674712
2025-07-22T15:21:15.866995,1677130
2025-07-22T15:38:11.429305,1680228
2025-07-22T15:48:21.531708,1681919
2025-07-22T15:57:02.892435,1683330
2025-07-22T16:08:31.832359,1685153
2025-07-22T16:21:18.809293,1687202
2025-07-22T16:41:19.997825,1690461
2025-07-22T16:56:33.326512,1692971
2025-07-22T17:07:55.739704,1694833
2025-07-22T17:19:47.836948,1696745
2025-07-22T17:33:23.929858,1698822
2025-07-22T17:46:01.325213,1700714
2025-07-22T17:53:47.165279,1701875
2025-07-22T18:05:28.205807,1703560
2025-07-22T18:17:57.024449,1705321
2025-07-22T18:34:05.638139,1707526
2025-07-22T18:49:55.322433,1709644
2025-07-22T19:00:07.035727,1711065
2025-07-22T19:10:05.315368,1712655
2025-07-22T19:22:18.772567,1714550
2025-07-22T19:33:47.439071,1716297
2025-07-22T19:43:15.483203,1717668
2025-07-22T19:52:48.345876,1719141
2025-07-22T20:04:31.948616,1720714
2025-07-22T20:17:05.133985,1722475
2025-07-22T20:31:44.981032,1724344
2025-07-22T20:45:36.161632,1726101
2025-07-22T20:54:10.431685,1727142
2025-07-22T21:04:09.139200,1728263
2025-07-22T21:16:30.009666,1729522
2025-07-22T21:29:33.735808,1730752
2025-07-22T21:39:11.571556,1731554
2025-07-22T21:47:29.455414,1732127
2025-07-22T21:54:40.121447,1732634
2025-07-22T22:04:05.398646,1733142
2025-07-22T22:16:29.846037,1733741
2025-07-22T22:29:51.250215,1734283
2025-07-22T22:40:52.850243,1734647
2025-07-22T22:53:48.252866,1734970
2025-07-22T23:04:09.445492,1735184
2025-07-22T23:16:36.402448,1735382
2025-07-22T23:29:04.345844,1735556
2025-07-22T23:38:58.215090,1735690
2025-07-22T23:47:37.065895,1735771
2025-07-22T23:54:17.970006,1735840
2025-07-23T00:17:13.496037,1736030
2025-07-23T00:42:57.364485,1736209
2025-07-23T01:16:56.918825,1736383
2025-07-23T02:02:33.363766,1736612
2025-07-23T02:50:32.027073,1736866
2025-07-23T03:32:27.898455,1737153
2025-07-23T04:00:58.511779,1737422
2025-07-23T04:26:12.423285,1737877
2025-07-23T04:46:12.174545,1738397
2025-07-23T05:00:53.080432,1738955
2025-07-23T05:18:16.212492,1739907
2025-07-23T05:33:58.830769,1740870
2025-07-23T05:48:42.757504,1742098
2025-07-23T05:57:45.890191,1743011
2025-07-23T06:12:56.705468,1744715
2025-07-23T06:30:59.816479,1746672
2025-07-23T06:50:48.924682,1748987
2025-07-23T07:06:45.027962,1751025
2025-07-23T07:18:54.742911,1752665
2025-07-23T07:32:43.152736,1754531
2025-07-23T07:45:44.501073,1756235
2025-07-23T07:53:34.359294,1757313
2025-07-23T08:05:23.730471,1758896
2025-07-23T08:17:37.263737,1760560
2025-07-23T08:33:36.624301,1762720
2025-07-23T08:48:42.371154,1764649
2025-07-23T08:59:47.368420,1766022
2025-07-23T09:12:39.517820,1767428
2025-07-23T09:30:28.380415,1769437
2025-07-23T09:47:09.061464,1771268
2025-07-23T09:55:49.777915,1772302
2025-07-23T10:05:30.306256,1773360
2025-07-23T10:17:11.693629,1774492
2025-07-23T10:32:03.880641,1775879
2025-07-23T10:47:15.819295,1777363
2025-07-23T10:56:01.069198,1778427
2025-07-23T11:05:17.267697,1779552
2025-07-23T11:16:21.977637,1780860
2025-07-23T11:28:08.682922,1782310
2025-07-23T11:37:37.039932,1783425
2025-07-23T11:46:07.508888,1784671
2025-07-23T11:53:35.857159,1785787
2025-07-23T12:06:51.096958,1787427
2025-07-23T12:20:15.816975,1789062
2025-07-23T12:38:39.215068,1791105
2025-07-23T13:02:30.984332,1793551
2025-07-23T13:25:01.311366,1795950
2025-07-23T13:43:40.233809,1797739
2025-07-23T13:56:39.887090,1799043
2025-07-23T14:08:05.653271,1800130
2025-07-23T14:20:09.313162,1801389
2025-07-23T14:34:40.463538,1802956
2025-07-23T14:47:06.861487,1804207
2025-07-23T14:57:18.561800,1805189
2025-07-23T15:09:07.649023,1806329
2025-07-23T15:21:39.560355,1807526
2025-07-23T15:38:37.852004,1809145
2025-07-23T15:49:07.729497,1810195
2025-07-23T15:57:51.982378,1811122
2025-07-23T16:10:08.451561,1812463
2025-07-23T16:23:41.167623,1813986
2025-07-23T16:41:14.135091,1815915
2025-07-23T16:57:08.378112,1817696
2025-07-23T17:09:05.987156,1819046
2025-07-23T17:21:28.224130,1820375
2025-07-23T17:38:10.182132,1822153
2025-07-23T17:48:29.327145,1823229
2025-07-23T17:55:54.121892,1823976
2025-07-23T18:06:42.635651,1825096
2025-07-23T18:19:20.741137,1826339
2025-07-23T18:36:08.875846,1827905
2025-07-23T18:49:56.898828,1829338
2025-07-23T18:59:34.589014,1830289
2025-07-23T19:09:38.071534,1831322
2025-07-23T19:21:12.363663,1832452
2025-07-23T19:34:22.678741,1833736
2025-07-23T19:44:07.783704,1834647
2025-07-23T19:52:32.556753,1835440
2025-07-23T20:04:27.558180,1836523
2025-07-23T20:16:59.153033,1837683
2025-07-23T20:31:48.822121,1839007
2025-07-23T20:45:59.444094,1840152
2025-07-23T20:54:36.301687,1840837
2025-07-23T21:04:23.877671,1841517
2025-07-23T21:16:30.907435,1842348
2025-07-23T21:29:46.760232,1843149
2025-07-23T21:39:44.197825,1843695
2025-07-23T21:48:13.638088,1844111
2025-07-23T21:55:19.012696,1844440
2025-07-23T22:04:16.476264,1844798
2025-07-23T22:16:46.674050,1845215
2025-07-23T22:30:18.616109,1845577
2025-07-23T22:41:49.210646,1845832
2025-07-23T22:53:46.424916,1846053
2025-07-23T23:04:12.184957,1846199
2025-07-23T23:16:43.110356,1846371
2025-07-23T23:29:29.447615,1846500
2025-07-23T23:39:07.718027,1846576
2025-07-23T23:47:50.416767,1846646
2025-07-23T23:54:48.038952,1846691
2025-07-24T00:17:01.133894,1846847
2025-07-24T00:42:53.659008,1846999
2025-07-24T01:16:52.238521,1847154
2025-07-24T02:02:35.947162,1847342
2025-07-24T02:49:39.084863,1847544
2025-07-24T03:23:54.484464,1847717
2025-07-24T03:51:53.306514,1847922
2025-07-24T04:17:19.000126,1848172
2025-07-24T04:34:52.230097,1848473
2025-07-24T04:53:07.551538,1848996
2025-07-24T05:07:54.054270,1849460
2025-07-24T05:20:44.156070,1849919
2025-07-24T05:40:18.281696,1850836
2025-07-24T05:51:20.167052,1851475
2025-07-24T06:05:58.046746,1852377
2025-07-24T06:18:32.040156,1853303
2025-07-24T06:35:07.826580,1854552
2025-07-24T06:50:45.721203,1855773
2025-07-24T07:06:13.846347,1857151
2025-07-24T07:18:36.219223,1858207
2025-07-24T07:31:57.892098,1859297
2025-07-24T07:45:18.671592,1860495
2025-07-24T07:53:17.416864,1861196
2025-07-24T08:05:30.993324,1862371
2025-07-24T08:27:58.977869,1864490
2025-07-24T08:33:35.183770,1864995
2025-07-24T08:48:21.126162,1866392
2025-07-24T08:58:57.291310,1867313
2025-07-24T09:11:51.095866,1868468
2025-07-24T09:30:00.328148,1870078
2025-07-24T09:42:27.240882,1871185
2025-07-24T09:54:13.363090,1872091
2025-07-24T10:04:39.706245,1872961
2025-07-24T10:16:54.730036,1873854
2025-07-24T10:31:54.046601,1874893
2025-07-24T10:47:11.416990,1875932
2025-07-24T10:56:23.157044,1876567
2025-07-24T11:05:25.393460,1877200
2025-07-24T11:16:20.539433,1877987
2025-07-24T11:28:06.476892,1878805
2025-07-24T11:37:26.386647,1879329
2025-07-24T11:45:56.023601,1879968
2025-07-24T11:53:01.121827,1880451
2025-07-24T12:06:57.172211,1881381
2025-07-24T12:20:17.624039,1882299
2025-07-24T12:38:43.109373,1883559
2025-07-24T13:02:17.790101,1885135
2025-07-24T13:24:54.754004,1886587
2025-07-24T13:44:01.534543,1887803
2025-07-24T13:57:52.742694,1888724
2025-07-24T14:09:35.783053,1889530
2025-07-24T14:22:06.538085,1890369
2025-07-24T14:39:12.690230,1891469
2025-07-24T14:50:48.510623,1892182
2025-07-24T15:04:19.128247,1892973
2025-07-24T15:16:45.701781,1893666
2025-07-24T15:30:08.626399,1894377
2025-07-24T15:40:16.601683,1895002
2025-07-24T15:49:48.248903,1895566
2025-07-24T15:57:33.703530,1896051
2025-07-24T16:09:29.949689,1896724
2025-07-24T16:22:32.208540,1897439
2025-07-24T16:39:47.070254,1898367
2025-07-24T16:51:46.775947,1899038
2025-07-24T17:05:34.352803,1899812
2025-07-24T17:16:41.653115,1900410
2025-07-24T17:30:12.554651,1901205
2025-07-24T17:41:52.968828,1901856
2025-07-24T17:53:02.695260,1902436
2025-07-24T18:05:13.906082,1903054
2025-07-24T18:17:34.410674,1903674
2025-07-24T18:33:50.168295,1904453
2025-07-24T18:49:35.748059,1905252
2025-07-24T19:00:02.387600,1905957
2025-07-24T19:09:39.396945,1906673
2025-07-24T19:21:22.212284,1907328
2025-07-24T19:34:17.044113,1908008
2025-07-24T19:43:37.821430,1908508
2025-07-24T19:52:27.502025,1908939
2025-07-24T20:03:47.051485,1909525
2025-07-24T20:16:46.029776,1910208
2025-07-24T20:30:35.120301,1910882
2025-07-24T20:45:14.610178,1911529
2025-07-24T20:53:48.281846,1911880
2025-07-24T21:04:23.887398,1912294
2025-07-24T21:16:35.416918,1912749
2025-07-24T21:29:21.942884,1913099
2025-07-24T21:38:33.181755,1913333
2025-07-24T21:46:11.613528,1913520
2025-07-24T21:53:03.689991,1913673
2025-07-24T22:04:14.799504,1913879
2025-07-24T22:16:38.752796,1914067
2025-07-24T22:30:18.313752,1914242
2025-07-24T22:42:02.138732,1914394
2025-07-24T22:54:02.274799,1914518
2025-07-24T23:04:00.209942,1914581
2025-07-24T23:16:40.216535,1914668
2025-07-24T23:29:45.715276,1914747
2025-07-24T23:39:14.306284,1914791
2025-07-24T23:47:43.519312,1914830
2025-07-24T23:54:57.701281,1914852
2025-07-25T00:17:19.763160,1914923
2025-07-25T00:42:58.597818,1914987
2025-07-25T01:16:47.866255,1915064
2025-07-25T02:02:22.090696,1915140
2025-07-25T02:49:29.350418,1915226
2025-07-25T03:23:38.937713,1915306
2025-07-25T03:51:45.410686,1915395
2025-07-25T04:16:58.612411,1915498
2025-07-25T04:34:25.500038,1915612
2025-07-25T04:53:43.722843,1915787
2025-07-25T05:09:09.098175,1915990
2025-07-25T05:22:51.254110,1916244
2025-07-25T05:41:16.257190,1916668
2025-07-25T05:55:44.324497,1917042
2025-07-25T06:06:58.885714,1917370
2025-07-25T06:19:39.234365,1917753
2025-07-25T06:36:41.061087,1918357
2025-07-25T06:51:59.280990,1919023
2025-07-25T07:06:26.253442,1919738
2025-07-25T07:18:32.369679,1920327
2025-07-25T07:31:51.708775,1921002
2025-07-25T07:44:45.855086,1921654
2025-07-25T07:53:04.947361,1922053
2025-07-25T08:05:21.804858,1922636
2025-07-25T08:17:27.127177,1923211
2025-07-25T08:33:15.515725,1924042
2025-07-25T08:47:39.410833,1924779
2025-07-25T08:58:00.272074,1925331
2025-07-25T09:11:26.949236,1925933
2025-07-25T09:29:47.038286,1926788
2025-07-25T09:42:42.508291,1927356
2025-07-25T09:54:44.967922,1927852
2025-07-25T10:04:18.107044,1928238
2025-07-25T10:17:00.340702,1928739
2025-07-25T10:31:50.495847,1929284
2025-07-25T10:47:15.832064,1929873
2025-07-25T10:55:59.076384,1930206
2025-07-25T11:05:09.635408,1930506
2025-07-25T11:16:10.710834,1930873
2025-07-25T11:27:47.265571,1931287
2025-07-25T11:36:55.644036,1931639
2025-07-25T11:45:27.361996,1931946
2025-07-25T11:52:33.892550,1932234
2025-07-25T12:06:43.564877,1932796
2025-07-25T12:19:57.892354,1933346
2025-07-25T12:38:01.918302,1934030
2025-07-25T13:01:08.037514,1934899
2025-07-25T13:24:09.751622,1935737
2025-07-25T13:43:06.973939,1936469
2025-07-25T13:56:09.758777,1936954
2025-07-25T14:06:17.847989,1937267
2025-07-25T14:17:37.433620,1937612
2025-07-25T14:31:04.282281,1938052
2025-07-25T14:46:06.969245,1938542
2025-07-25T14:54:37.900774,1938809
2025-07-25T15:04:10.859917,1939116
2025-07-25T15:16:57.853883,1939491
2025-07-25T15:31:31.982715,1939963
2025-07-25T15:45:53.049404,1940405
2025-07-25T15:54:13.300845,1940681
2025-07-25T16:04:33.124835,1941015
2025-07-25T16:17:28.540552,1941406
2025-07-25T16:32:54.001043,1941923
2025-07-25T16:48:01.448360,1942430
2025-07-25T16:57:54.897252,1942789
2025-07-25T17:09:12.195115,1943209
2025-07-25T17:21:17.809082,1943580
2025-07-25T17:37:50.385145,1944085
2025-07-25T17:47:47.237939,1944423
2025-07-25T17:54:36.263015,1944637
2025-07-25T18:05:20.070924,1944940
2025-07-25T18:17:31.161894,1945400
2025-07-25T18:33:36.554290,1945845
2025-07-25T18:49:25.042890,1946264
2025-07-25T18:59:11.281734,1946577
2025-07-25T19:08:59.751639,1946905
2025-07-25T19:20:27.999006,1947235
2025-07-25T19:33:51.740652,1947674
2025-07-25T19:43:55.002422,1947934
2025-07-25T19:52:56.748441,1948149
2025-07-25T20:04:10.530115,1948479
2025-07-25T20:16:55.084796,1948754
2025-07-25T20:31:37.334141,1949142
2025-07-25T20:45:30.637699,1949454
2025-07-25T20:54:06.223849,1949695
2025-07-25T21:03:48.374021,1949911
2025-07-25T21:16:27.305989,1950175
2025-07-25T21:28:49.683307,1950455
2025-07-25T21:38:18.949280,1950608
2025-07-25T21:46:43.923153,1950728
2025-07-25T21:53:48.253439,1950836
2025-07-25T22:03:54.355908,1950968
2025-07-25T22:16:30.443565,1951099
2025-07-25T22:29:51.852500,1951186
2025-07-25T22:41:19.014454,1951272
2025-07-25T22:53:58.345983,1951345
2025-07-25T23:04:17.795610,1951394
2025-07-25T23:16:33.545913,1951431
2025-07-25T23:28:59.619680,1951485
2025-07-25T23:38:30.507701,1951514
2025-07-25T23:47:11.760651,1951544
2025-07-25T23:54:13.019360,1951563
2025-07-26T00:16:27.232982,1951605
2025-07-26T00:41:09.586707,1951646
2025-07-26T01:16:43.425971,1951694
2025-07-26T02:02:03.612019,1951743
2025-07-26T02:47:32.990771,1951789
2025-07-26T03:20:41.862453,1951827
2025-07-26T03:50:16.443853,1951872
2025-07-26T04:09:15.191155,1951912
2025-07-26T04:25:05.057673,1951947
2025-07-26T04:43:18.222898,1952017
2025-07-26T04:59:08.137126,1952090
2025-07-26T05:11:06.135247,1952162
2025-07-26T05:29:40.632100,1952340
2025-07-26T05:42:11.249467,1952488
2025-07-26T05:53:48.905608,1952651
2025-07-26T06:05:08.769960,1952811
2025-07-26T06:17:28.402178,1953033
2025-07-26T06:33:18.954691,1953320
2025-07-26T06:49:05.197232,1953727
2025-07-26T06:58:35.715012,1953999
2025-07-26T07:09:12.825632,1954371
2025-07-26T07:21:10.120915,1954755
2025-07-26T07:34:57.774477,1955210
2025-07-26T07:43:39.988833,1955599
2025-07-26T07:52:25.243699,1955881
2025-07-26T08:04:54.181963,1956314
2025-07-26T08:17:15.026227,1956811
2025-07-26T08:32:20.328765,1957269
2025-07-26T08:46:52.420000,1957833
2025-07-26T08:55:56.878274,1958162
2025-07-26T09:05:00.218858,1958450
2025-07-26T09:16:28.293487,1958852
2025-07-26T09:29:30.199887,1959279
2025-07-26T09:39:00.385685,1959539
2025-07-26T09:47:19.263348,1959821
2025-07-26T09:54:24.607331,1960013
2025-07-26T10:04:02.362794,1960327
2025-07-26T10:16:34.941957,1960681
2025-07-26T10:30:18.152378,1961097
2025-07-26T10:41:57.231952,1961407
2025-07-26T10:53:25.328076,1961755
2025-07-26T11:03:30.442170,1962000
2025-07-26T11:16:10.106578,1962402
2025-07-26T11:26:28.141954,1962664
2025-07-26T11:34:52.985108,1962862
2025-07-26T11:43:23.693357,1963092
2025-07-26T11:52:34.604925,1963306
2025-07-26T12:06:03.176638,1963651
2025-07-26T12:18:48.238308,1964065
2025-07-26T12:36:16.960582,1964491
2025-07-26T12:57:14.368835,1965050
2025-07-26T13:15:12.928799,1965465
2025-07-26T13:30:49.928093,1965870
2025-07-26T13:47:05.590921,1966230
2025-07-26T13:54:56.903157,1966454
2025-07-26T14:03:35.557186,1966625
2025-07-26T14:16:14.831620,1966868
2025-07-26T14:29:02.849772,1967121
2025-07-26T14:39:48.314823,1967319
2025-07-26T14:48:29.758665,1967470
2025-07-26T14:55:38.608510,1967600
2025-07-26T15:04:13.343925,1967777
2025-07-26T15:16:31.515228,1968034
2025-07-26T15:29:53.104757,1968287
2025-07-26T15:40:44.237980,1968544
2025-07-26T15:54:03.364472,1968793
2025-07-26T16:04:08.418901,1969008
2025-07-26T16:16:54.499388,1969300
2025-07-26T16:31:54.222274,1969607
2025-07-26T16:47:18.515031,1969945
2025-07-26T16:56:14.148012,1970155
2025-07-26T17:04:34.433395,1970311
2025-07-26T17:16:22.480247,1970529
2025-07-26T17:29:11.914532,1970793
2025-07-26T17:40:08.165771,1971003
2025-07-26T17:48:48.113165,1971157
2025-07-26T17:55:30.796877,1971282
2025-07-26T18:05:08.684230,1971430
2025-07-26T18:17:18.077333,1971640
2025-07-26T18:32:52.559930,1972051
2025-07-26T18:47:45.468044,1973187
2025-07-26T18:57:26.908884,1973584
2025-07-26T19:06:23.105059,1973856
2025-07-26T19:17:01.089975,1974108
2025-07-26T19:26:21.077293,1974322
2025-07-26T19:33:54.792287,1974464
2025-07-26T19:43:50.089909,1974636
2025-07-26T19:52:32.804022,1974812
2025-07-26T20:04:00.324732,1975036
2025-07-26T20:16:40.723155,1975244
2025-07-26T20:30:10.809334,1975454
2025-07-26T20:39:54.413327,1975598
2025-07-26T20:48:38.694947,1975714
2025-07-26T20:55:39.907888,1975826
2025-07-26T21:04:00.789673,1975936
2025-07-26T21:16:15.412740,1976083
2025-07-26T21:27:56.483084,1976201
2025-07-26T21:37:02.675700,1976297
2025-07-26T21:45:30.152064,1976391
2025-07-26T21:52:55.936212,1976453
2025-07-26T22:03:37.113929,1976525
2025-07-26T22:16:26.328623,1976605
2025-07-26T22:29:33.752924,1976670
2025-07-26T22:40:34.981979,1976727
2025-07-26T22:53:08.296803,1976794
2025-07-26T23:03:46.139527,1976827
2025-07-26T23:16:27.872471,1976868
2025-07-26T23:28:33.711867,1976899
2025-07-26T23:37:53.928042,1976917
2025-07-26T23:46:33.412807,1976939
2025-07-26T23:53:39.567132,1976950
2025-07-27T00:18:52.864863,1976990
2025-07-27T00:47:34.729408,1977042
2025-07-27T01:20:09.918824,1977066
2025-07-27T02:07:33.815878,1977099
2025-07-27T02:57:53.709747,1977142
2025-07-27T03:39:24.943791,1977173
2025-07-27T04:06:24.004256,1977207
2025-07-27T04:30:42.727279,1977239
2025-07-27T04:53:57.262797,1977281
2025-07-27T05:08:26.671658,1977333
2025-07-27T05:21:28.901201,1977387
2025-07-27T05:40:04.176505,1977469
2025-07-27T05:50:53.505200,1977532
2025-07-27T06:05:21.198513,1977658
2025-07-27T06:17:31.970433,1977786
2025-07-27T06:33:33.653683,1977986
2025-07-27T06:49:00.528643,1978179
2025-07-27T06:58:23.383852,1978341
2025-07-27T07:08:55.752516,1978520
2025-07-27T07:20:55.872049,1978728
2025-07-27T07:34:46.936760,1978969
2025-07-27T07:43:32.894953,1979185
2025-07-27T07:52:37.358634,1979396
2025-07-27T08:04:52.429533,1979695
2025-07-27T08:17:11.542553,1979977
2025-07-27T08:32:17.623077,1980642
2025-07-27T08:46:31.931947,1981101
2025-07-27T08:55:59.575315,1981367
2025-07-27T09:05:18.495114,1981641
2025-07-27T09:16:33.789227,1981915
2025-07-27T09:30:09.305671,1982273
2025-07-27T09:39:56.591217,1982505
2025-07-27T09:48:52.925315,1982741
2025-07-27T09:55:49.676764,1982923
2025-07-27T10:04:47.217137,1983159
2025-07-27T10:16:37.123916,1983437
2025-07-27T10:30:28.813904,1983809
2025-07-27T10:45:54.199887,1984150
2025-07-27T10:54:01.624405,1984337
2025-07-27T11:03:32.533148,1984539
2025-07-27T11:16:01.759267,1984813
2025-07-27T11:26:24.192659,1985020
2025-07-27T11:34:41.612993,1985202
2025-07-27T11:43:29.266727,1985368
2025-07-27T11:52:25.513951,1985570
2025-07-27T12:06:13.551343,1985857
2025-07-27T12:19:08.215807,1986151
2025-07-27T12:36:47.295999,1986609
2025-07-27T12:58:20.279848,1987110
2025-07-27T13:16:25.707910,1987482
2025-07-27T13:32:02.647591,1987837
2025-07-27T13:46:44.247408,1988161
2025-07-27T13:54:45.718044,1988328
2025-07-27T14:03:50.635778,1988525
2025-07-27T14:16:17.321976,1988790
2025-07-27T14:28:55.305257,1989061
2025-07-27T14:39:28.869029,1989279
2025-07-27T14:48:02.450045,1989452
2025-07-27T14:55:14.417237,1989610
2025-07-27T15:03:41.723141,1989793
2025-07-27T15:16:33.872672,1990085
2025-07-27T15:29:22.159858,1990374
2025-07-27T15:39:02.879254,1990601
2025-07-27T15:47:20.597807,1990804
2025-07-27T15:54:39.118007,1990994
2025-07-27T16:04:13.748518,1991241
2025-07-27T16:16:59.536152,1991565
2025-07-27T16:31:50.703532,1991935
2025-07-27T16:46:54.258302,1992291
2025-07-27T16:56:09.529539,1992493
2025-07-27T17:04:21.002194,1992716
2025-07-27T17:16:08.246655,1992974
2025-07-27T17:28:56.576080,1993293
2025-07-27T17:40:05.922090,1993524
2025-07-27T17:48:44.969642,1993735
2025-07-27T17:55:45.538705,1993902
2025-07-27T18:05:53.184840,1994122
2025-07-27T18:17:54.066958,1994404
2025-07-27T18:33:46.163658,1994760
2025-07-27T18:48:24.801433,1995129
2025-07-27T18:57:57.779235,1995336
2025-07-27T19:07:22.899316,1995547
2025-07-27T19:18:32.552955,1995815
2025-07-27T19:28:12.020142,1996037
2025-07-27T19:36:10.693473,1996218
2025-07-27T19:44:20.605780,1996409
2025-07-27T19:52:39.528107,1996587
2025-07-27T20:03:57.904745,1996836
2025-07-27T20:16:48.455517,1997120
2025-07-27T20:31:00.378492,1997445
2025-07-27T20:44:58.685538,1997697
2025-07-27T20:53:17.071038,1997846
2025-07-27T21:03:47.626272,1998032
2025-07-27T21:16:18.120221,1998228
2025-07-27T21:28:13.893471,1998382
2025-07-27T21:37:25.121077,1998495
2025-07-27T21:45:33.345688,1998592
2025-07-27T21:52:41.301668,1998661
2025-07-27T22:04:06.480550,1998763
2025-07-27T22:16:21.387224,1998842
2025-07-27T22:29:43.669882,1998919
2025-07-27T22:41:36.138447,1998975
2025-07-27T22:53:42.749487,1999026
2025-07-27T23:04:06.244571,1999060
2025-07-27T23:16:39.138097,1999104
2025-07-27T23:29:18.016327,1999132
2025-07-27T23:39:07.442925,1999155
2025-07-27T23:47:54.055998,1999166
2025-07-27T23:54:59.200141,1999184
2025-07-28T00:18:27.433411,1999219
2025-07-28T00:46:24.343726,1999256
2025-07-28T01:18:35.237381,1999294
2025-07-28T02:05:06.132388,1999333
2025-07-28T02:55:04.486944,1999369
2025-07-28T03:33:59.913466,1999405
2025-07-28T04:02:39.479325,1999443
2025-07-28T04:30:57.688789,1999511
2025-07-28T04:55:26.138162,1999612
2025-07-28T05:10:32.736004,1999688
2025-07-28T05:30:20.414733,1999922
2025-07-28T05:45:54.695939,2000120
2025-07-28T05:56:12.039157,2000292
2025-07-28T06:09:39.498644,2000858
2025-07-28T06:23:36.618359,2001804
2025-07-28T06:44:30.345157,2003367
2025-07-28T06:59:23.207488,2004475
2025-07-28T07:13:32.326212,2005734
2025-07-28T07:29:59.791467,2007019
2025-07-28T07:42:05.632818,2007906
2025-07-28T07:53:36.815269,2008784
2025-07-28T08:06:07.261942,2009595
2025-07-28T08:18:45.058512,2010551
2025-07-28T08:35:18.132588,2011617
2025-07-28T08:49:17.135436,2012470
2025-07-28T09:00:31.313126,2013187
2025-07-28T09:18:05.404866,2014326
2025-07-28T09:33:42.208030,2015263
2025-07-28T09:47:32.629084,2016035
2025-07-28T09:56:35.744761,2016488
2025-07-28T10:06:57.007103,2017001
2025-07-28T10:18:57.616128,2017643
2025-07-28T10:34:14.377451,2018381
2025-07-28T10:47:34.654196,2019051
2025-07-28T10:56:37.514136,2019439
2025-07-28T11:06:09.744933,2019889
2025-07-28T11:17:34.372223,2020708
2025-07-28T11:29:00.507459,2021467
2025-07-28T11:38:23.388616,2021930
2025-07-28T11:46:47.002113,2022370
2025-07-28T11:53:47.043723,2022740
2025-07-28T12:06:55.639726,2023370
2025-07-28T12:20:21.559452,2023912
2025-07-28T12:38:55.121833,2024744
2025-07-28T13:02:56.809821,2025678
2025-07-28T13:25:36.188566,2026507
2025-07-28T13:44:44.573955,2027214
2025-07-28T13:59:02.526875,2027747
2025-07-28T14:10:32.389121,2028004
2025-07-28T14:29:47.512105,2028659
2025-07-28T14:43:46.693192,2029091
2025-07-28T14:55:37.302310,2029476
2025-07-28T15:04:49.551697,2029687
2025-07-28T15:16:55.371942,2029978
2025-07-28T15:31:45.665006,2030399
2025-07-28T15:46:08.405786,2030856
2025-07-28T15:55:01.577958,2031061
2025-07-28T16:04:46.455144,2031305
2025-07-28T16:17:28.383912,2031674
2025-07-28T16:33:19.142514,2032162
2025-07-28T16:49:31.619863,2032672
2025-07-28T17:00:24.809856,2033006
2025-07-28T17:11:48.520449,2033355
2025-07-28T17:29:15.589684,2033879
2025-07-28T17:41:15.405920,2034249
2025-07-28T17:53:43.604335,2034662
2025-07-28T18:05:26.534550,2034977
2025-07-28T18:17:44.427400,2035299
2025-07-28T18:34:03.721197,2035731
2025-07-28T18:50:34.588403,2036199
2025-07-28T19:05:21.894405,2036641
2025-07-28T19:16:42.020917,2036960
2025-07-28T19:27:51.200711,2037282
2025-07-28T19:36:39.434033,2037533
2025-07-28T19:44:44.544241,2037784
2025-07-28T19:52:37.037987,2038024
2025-07-28T20:04:26.742899,2038359
2025-07-28T20:17:08.771672,2038708
2025-07-28T20:32:05.100240,2039100
2025-07-28T20:45:58.791971,2039444
2025-07-28T20:55:05.334343,2039640
2025-07-28T21:04:04.802468,2039845
2025-07-28T21:16:28.947350,2040082
2025-07-28T21:28:27.810120,2040290
2025-07-28T21:38:21.927288,2040413
2025-07-28T21:46:45.134615,2040529
2025-07-28T21:53:53.352470,2040623
2025-07-28T22:04:11.200074,2040730
2025-07-28T22:16:37.904713,2040832
2025-07-28T22:30:58.865139,2040926
2025-07-28T22:46:47.165081,2041017
2025-07-28T22:55:52.966317,2041063
2025-07-28T23:05:06.558143,2041087
2025-07-28T23:16:35.746924,2041126
2025-07-28T23:30:31.765187,2041164
2025-07-28T23:45:24.264516,2041204
2025-07-28T23:54:00.966397,2041219
2025-07-29T00:18:44.790744,2041262
2025-07-29T00:47:16.908739,2041301
2025-07-29T01:20:03.585265,2041341
2025-07-29T02:07:21.970153,2041403
2025-07-29T02:58:43.056628,2041455
2025-07-29T03:40:59.462546,2041510
2025-07-29T04:13:04.998842,2041571
2025-07-29T04:36:25.157054,2041648
2025-07-29T04:56:31.568734,2041771
2025-07-29T05:13:18.159717,2041909
2025-07-29T05:30:37.977632,2042098
2025-07-29T05:48:40.966237,2042326
2025-07-29T05:58:01.943847,2042490
2025-07-29T06:13:04.697626,2042739
2025-07-29T06:30:57.589478,2043036
2025-07-29T06:51:13.720953,2043488
2025-07-29T07:06:59.518096,2043825
2025-07-29T07:19:26.581109,2044026
2025-07-29T07:33:25.585631,2044236
2025-07-29T07:45:53.737801,2044425
2025-07-29T07:54:13.142781,2044549
2025-07-29T08:05:27.968512,2044696
2025-07-29T08:17:41.187264,2044874
2025-07-29T08:33:37.561227,2045181
2025-07-29T08:48:28.604795,2045438
2025-07-29T08:59:32.726459,2045640
2025-07-29T09:12:46.806208,2045864
2025-07-29T09:30:08.345059,2046129
2025-07-29T09:43:20.206212,2046338
2025-07-29T09:55:05.629027,2046552
2025-07-29T10:04:23.310731,2046686
2025-07-29T10:17:02.655440,2046911
2025-07-29T10:31:52.654869,2047164
2025-07-29T10:47:12.537564,2047375
2025-07-29T10:56:36.362147,2047509
2025-07-29T11:06:14.411516,2047645
2025-07-29T11:17:44.199324,2047832
2025-07-29T11:29:09.087923,2047980
2025-07-29T11:38:29.602876,2048128
2025-07-29T11:46:56.497103,2048247
2025-07-29T11:54:02.482222,2048352
2025-07-29T12:07:22.328900,2048574
2025-07-29T12:20:55.639157,2048752
2025-07-29T12:45:49.229410,2049107
2025-07-29T13:08:09.986966,2049389
2025-07-29T13:28:05.453380,2049648
2025-07-29T13:47:52.435633,2049905
2025-07-29T14:00:38.238131,2050048
2025-07-29T14:17:25.617861,2050231
2025-07-29T14:32:33.147989,2050438
2025-07-29T14:48:52.578740,2050642
2025-07-29T14:58:50.096339,2050758
2025-07-29T15:10:41.148727,2050908
2025-07-29T15:30:05.987624,2051150
2025-07-29T15:43:11.536673,2051299
2025-07-29T15:55:01.590222,2051449
2025-07-29T16:05:38.636265,2051589
2025-07-29T16:17:41.328672,2051738
2025-07-29T16:33:18.281534,2051945
2025-07-29T16:49:41.856361,2052214
2025-07-29T17:00:12.375515,2052405
2025-07-29T17:12:20.942378,2052603
2025-07-29T17:29:20.290237,2052887
2025-07-29T17:42:33.029419,2053057
2025-07-29T17:54:18.445543,2053197
2025-07-29T18:05:40.192438,2053330
2025-07-29T18:18:04.775504,2053482
2025-07-29T18:34:36.311727,2053680
2025-07-29T18:51:11.820263,2053865
2025-07-29T19:05:53.856914,2054336
2025-07-29T19:17:39.866797,2054566
2025-07-29T19:29:13.891573,2054747
2025-07-29T19:38:17.785414,2054870
2025-07-29T19:46:18.996679,2054966
2025-07-29T19:53:34.187862,2055046
2025-07-29T20:04:26.339600,2055195
2025-07-29T20:17:03.988846,2055338
2025-07-29T20:32:05.380559,2055517
2025-07-29T20:46:11.537526,2055649
2025-07-29T20:55:25.554463,2055748
2025-07-29T21:03:55.213614,2055822
2025-07-29T21:16:26.840950,2055924
2025-07-29T21:29:42.763023,2056013
2025-07-29T21:39:35.304104,2056074
2025-07-29T21:48:31.794111,2056129
2025-07-29T21:55:42.659042,2056166
2025-07-29T22:04:50.786034,2056207
2025-07-29T22:16:39.025557,2056251
2025-07-29T22:30:35.381342,2056291
2025-07-29T22:46:11.682644,2056334
2025-07-29T22:54:49.557206,2056351
2025-07-29T23:04:09.308091,2056372
2025-07-29T23:16:34.195266,2056390
2025-07-29T23:29:28.124733,2056405
2025-07-29T23:39:24.236115,2056414
2025-07-29T23:48:19.804052,2056421
2025-07-29T23:55:36.017869,2056428
2025-07-30T00:19:07.207790,2056457
2025-07-30T00:43:50.353480,2056466
2025-07-30T01:16:56.176491,2056481
2025-07-30T02:02:35.594703,2056497
2025-07-30T02:52:23.015733,2056521
2025-07-30T03:33:13.957666,2056548
2025-07-30T04:01:54.755412,2056574
2025-07-30T04:29:25.409126,2056609
2025-07-30T04:50:36.484948,2056668
2025-07-30T05:10:19.064339,2056730
2025-07-30T05:24:23.923113,2056806
2025-07-30T05:42:05.635722,2056986
2025-07-30T05:56:23.416004,2057179
2025-07-30T06:09:41.949622,2057342
2025-07-30T06:23:44.062614,2057484
2025-07-30T06:44:38.044743,2057725
2025-07-30T06:59:38.109789,2057962
2025-07-30T07:12:49.073606,2058142
2025-07-30T07:29:48.885450,2058408
2025-07-30T07:41:50.204080,2058576
2025-07-30T07:54:00.613355,2058748
2025-07-30T08:05:32.612930,2058898
2025-07-30T08:17:46.565970,2059061
2025-07-30T08:34:00.287942,2059329
2025-07-30T08:48:51.519877,2059655
2025-07-30T09:00:09.114413,2059887
2025-07-30T09:13:57.744595,2060185
2025-07-30T09:30:52.936091,2060527
2025-07-30T09:47:53.229705,2060815
2025-07-30T09:56:58.022344,2060994
2025-07-30T10:08:43.893462,2061199
2025-07-30T10:21:19.547027,2061421
2025-07-30T10:40:24.495750,2061711
2025-07-30T10:51:25.304688,2061902
2025-07-30T11:03:54.983981,2062068
2025-07-30T11:16:34.444480,2062246
2025-07-30T11:28:41.112825,2062432
2025-07-30T11:37:56.318332,2062560
2025-07-30T11:46:25.242937,2062687
2025-07-30T11:53:39.680278,2062794
2025-07-30T12:07:00.833644,2063015
2025-07-30T12:20:35.112978,2063238
2025-07-30T12:46:02.412733,2063614
2025-07-30T13:07:59.537587,2063966
2025-07-30T13:27:46.426971,2064260
2025-07-30T13:47:09.294042,2064514
2025-07-30T13:59:51.586295,2064693
2025-07-30T14:10:38.849735,2064823
2025-07-30T14:29:32.998148,2065064
2025-07-30T14:43:16.247128,2065256
2025-07-30T14:55:19.512998,2065418
2025-07-30T15:04:23.621017,2065550
2025-07-30T15:16:55.901585,2065763
2025-07-30T15:31:43.158294,2065979
2025-07-30T15:46:14.756307,2066212
2025-07-30T15:55:35.888161,2066331
2025-07-30T16:05:13.353202,2066472
2025-07-30T16:17:34.562574,2066652
2025-07-30T16:33:02.215032,2066910
2025-07-30T16:48:14.698875,2067136
2025-07-30T16:58:38.818711,2067291
2025-07-30T17:09:45.499825,2067455
2025-07-30T17:22:01.439619,2067616
2025-07-30T17:38:08.282879,2067823
2025-07-30T17:48:38.764802,2067976
2025-07-30T17:57:30.053862,2068090
2025-07-30T18:09:02.517854,2068221
2025-07-30T18:22:17.485146,2068394
2025-07-30T18:43:32.529145,2068720
2025-07-30T18:58:03.092069,2068888
2025-07-30T19:08:59.218115,2069030
2025-07-30T19:20:38.730708,2069191
2025-07-30T19:34:45.227517,2069345
2025-07-30T19:43:50.487112,2069482
2025-07-30T19:52:23.025843,2069585
2025-07-30T20:03:53.654228,2069731
2025-07-30T20:16:54.223321,2069910
2025-07-30T20:31:12.117131,2070106
2025-07-30T20:45:44.060985,2070258
2025-07-30T20:54:38.241904,2070353
2025-07-30T21:04:12.711656,2070448
2025-07-30T21:16:38.634358,2070545
2025-07-30T21:29:29.257416,2070628
2025-07-30T21:39:40.681806,2070697
2025-07-30T21:48:05.516527,2070732
2025-07-30T21:54:50.906174,2070761
2025-07-30T22:03:59.745796,2070801
2025-07-30T22:16:37.512624,2070849
2025-07-30T22:30:27.105431,2070897
2025-07-30T22:45:59.449562,2070947
2025-07-30T22:54:20.868820,2070969
2025-07-30T23:04:21.082614,2070982
2025-07-30T23:16:32.962477,2071013
2025-07-30T23:29:31.144523,2071027
2025-07-30T23:39:14.971612,2071041
2025-07-30T23:48:19.530111,2071048
2025-07-30T23:55:47.854504,2071052
2025-07-31T00:21:22.929528,2071073
2025-07-31T00:48:19.734377,2071086
2025-07-31T01:21:07.378742,2071109
2025-07-31T02:14:51.285914,2071125
2025-07-31T03:00:48.294484,2071140
2025-07-31T03:44:40.857353,2071171
2025-07-31T04:10:09.103732,2071194
2025-07-31T04:30:00.829006,2071217
2025-07-31T04:50:12.687920,2071258
2025-07-31T05:03:43.388151,2071300
2025-07-31T05:18:11.246480,2071369
2025-07-31T05:33:51.225503,2071451
2025-07-31T05:48:11.820605,2071550
2025-07-31T05:57:09.093789,2071608
2025-07-31T06:11:24.297175,2071747
2025-07-31T06:31:02.693188,2071946
2025-07-31T06:51:31.946346,2072129
2025-07-31T07:06:45.746086,2072310
2025-07-31T07:19:18.499772,2072476
2025-07-31T07:32:53.150236,2072646
2025-07-31T07:45:39.391106,2072813
2025-07-31T07:53:14.459321,2072915
2025-07-31T08:05:46.762030,2073091
2025-07-31T08:18:06.334057,2073256
2025-07-31T08:34:25.122177,2073499
2025-07-31T08:48:34.505872,2073713
2025-07-31T08:59:30.348518,2073898
2025-07-31T09:12:37.237368,2074140
2025-07-31T09:30:11.216774,2074494
2025-07-31T09:43:33.109797,2074708
2025-07-31T09:54:31.236026,2074880
2025-07-31T10:04:23.261080,2075047
2025-07-31T10:16:59.378764,2075249
2025-07-31T10:31:54.689143,2075467
2025-07-31T10:47:17.483457,2075689
2025-07-31T10:56:18.411093,2075811
2025-07-31T11:05:22.569322,2075933
2025-07-31T11:16:25.556186,2076057
2025-07-31T11:28:16.930299,2076220
2025-07-31T11:37:52.681372,2076343
2025-07-31T11:46:25.726119,2076461
2025-07-31T11:53:32.496320,2076586
2025-07-31T12:06:22.480914,2076786
2025-07-31T12:19:35.871880,2076959
2025-07-31T12:37:39.139159,2077233
2025-07-31T13:01:33.012814,2077575
2025-07-31T13:25:00.101950,2077898
2025-07-31T13:43:57.034946,2078164
2025-07-31T13:58:24.600962,2078362
2025-07-31T14:09:58.145399,2078536
2025-07-31T14:22:48.196914,2078699
2025-07-31T14:39:26.344906,2078899
2025-07-31T14:50:53.111743,2079031
2025-07-31T15:04:49.860072,2079214
2025-07-31T15:17:01.565487,2079348
2025-07-31T15:31:49.909240,2079511
2025-07-31T15:46:00.168040,2079681
2025-07-31T15:54:59.391825,2079901
2025-07-31T16:04:52.060058,2080243
2025-07-31T16:17:23.927255,2080567
2025-07-31T16:32:57.178169,2080862
2025-07-31T16:49:00.234940,2081103
2025-07-31T16:59:49.358552,2081259
2025-07-31T17:11:13.670351,2081391
2025-07-31T17:29:05.157590,2081588
2025-07-31T17:41:00.554373,2081721
2025-07-31T17:53:34.211327,2081842
2025-07-31T18:05:23.394545,2081961
2025-07-31T18:17:43.070901,2082125
2025-07-31T18:33:59.440332,2082390
2025-07-31T18:50:18.191348,2082661
2025-07-31T19:00:38.187671,2082797
2025-07-31T19:16:34.467071,2082979
2025-07-31T19:27:47.186674,2083087
2025-07-31T19:36:38.498961,2083172
2025-07-31T19:44:36.719460,2083261
2025-07-31T19:52:06.894431,2083333
2025-07-31T20:04:32.999780,2083443
2025-07-31T20:16:54.263272,2083550
2025-07-31T20:31:45.426975,2083691
2025-07-31T20:45:49.299388,2083820
2025-07-31T20:54:32.260164,2083902
2025-07-31T21:04:20.505413,2084073
2025-07-31T21:16:33.651347,2084239
2025-07-31T21:29:29.540926,2084359
2025-07-31T21:39:42.461809,2084420
2025-07-31T21:48:39.001183,2084488
2025-07-31T21:55:43.334285,2084522
2025-07-31T22:04:49.431303,2084557
2025-07-31T22:16:34.791207,2084598
2025-07-31T22:30:12.551293,2084639
2025-07-31T22:42:04.888233,2084654
2025-07-31T22:54:03.849975,2084675
2025-07-31T23:04:15.788510,2084691
2025-07-31T23:16:39.629605,2084703
2025-07-31T23:29:26.417213,2084723
2025-07-31T23:38:55.876825,2084732
2025-07-31T23:47:34.007772,2084738
2025-07-31T23:54:43.173284,2084743
2025-08-01T00:19:31.851770,2084758
2025-08-01T00:49:07.138124,2084773
2025-08-01T01:22:42.867524,2084790
2025-08-01T02:15:41.492895,2084818
2025-08-01T03:05:25.376969,2084838
2025-08-01T03:47:53.661390,2084865
2025-08-01T04:18:12.411851,2084892
2025-08-01T04:41:59.918901,2084935
2025-08-01T05:04:58.589059,2084993
2025-08-01T05:21:25.760259,2085051
2025-08-01T05:42:12.715389,2085149
2025-08-01T05:57:12.020090,2085217
2025-08-01T06:12:24.395161,2085300
2025-08-01T06:31:04.557466,2085448
2025-08-01T06:52:15.723594,2085638
2025-08-01T07:08:04.114990,2085813
2025-08-01T07:21:15.237378,2085960
2025-08-01T07:38:23.152018,2086148
2025-08-01T07:48:17.299246,2086264
2025-08-01T07:56:16.285415,2086347
2025-08-01T08:08:02.444948,2086485
2025-08-01T08:20:54.275354,2086636
2025-08-01T08:41:41.579723,2086866
2025-08-01T08:57:11.255288,2087035
2025-08-01T09:11:05.645700,2087200
2025-08-01T09:30:29.207425,2087397
2025-08-01T09:46:58.274659,2087596
2025-08-01T09:55:52.809394,2087684
2025-08-01T10:05:52.169767,2087772
2025-08-01T10:17:31.280965,2087863
2025-08-01T10:32:34.328849,2088008
2025-08-01T10:47:14.335856,2088129
2025-08-01T10:56:31.631444,2088198
2025-08-01T11:06:04.454389,2088276
2025-08-01T11:17:17.666614,2088382
2025-08-01T11:28:50.358789,2088469
2025-08-01T11:38:11.794084,2088537
2025-08-01T11:46:24.408197,2088591
2025-08-01T11:53:40.626801,2088646
2025-08-01T12:06:49.856208,2088772
2025-08-01T12:20:12.573043,2088887
2025-08-01T12:38:36.020231,2089036
2025-08-01T13:02:20.916680,2089255
2025-08-01T13:24:44.931180,2089430
2025-08-01T13:43:35.932561,2089562
2025-08-01T13:57:55.176324,2089702
2025-08-01T14:09:38.285760,2089809
2025-08-01T14:22:19.523593,2089908
2025-08-01T14:39:04.790840,2090043
2025-08-01T14:50:01.659225,2090121
2025-08-01T14:58:01.474941,2090189
2025-08-01T15:09:20.596589,2090296
2025-08-01T15:21:57.983692,2090387
2025-08-01T15:37:44.772750,2090494
2025-08-01T15:47:57.704845,2090550
2025-08-01T15:56:23.011540,2090609
2025-08-01T16:07:18.287359,2090691
2025-08-01T16:19:29.491049,2090757
2025-08-01T16:35:52.702605,2090852
2025-08-01T16:49:08.692529,2090938
2025-08-01T16:59:25.501056,2091011
2025-08-01T17:11:04.529124,2091094
2025-08-01T17:29:24.551059,2091203
2025-08-01T17:42:04.648552,2091282
2025-08-01T17:54:22.770216,2091345
2025-08-01T18:05:17.780841,2091402
2025-08-01T18:17:42.400733,2091463
2025-08-01T18:34:09.207171,2091546
2025-08-01T18:49:41.107655,2091620
2025-08-01T18:59:40.769312,2091679
2025-08-01T19:09:49.064676,2091714
2025-08-01T19:21:37.453070,2091785
2025-08-01T19:33:02.189989,2091858
2025-08-01T19:43:42.583712,2091903
2025-08-01T19:52:27.083137,2091943
2025-08-01T20:04:29.436318,2091989
2025-08-01T20:16:57.524864,2092057
2025-08-01T20:31:24.232482,2092134
2025-08-01T20:45:57.994312,2092208
2025-08-01T20:54:26.683988,2092244
2025-08-01T21:04:03.780721,2092286
2025-08-01T21:16:25.094260,2092338
2025-08-01T21:29:00.846386,2092376
2025-08-01T21:38:45.908927,2092405
2025-08-01T21:47:26.462800,2092423
2025-08-01T21:54:26.088784,2092439
2025-08-01T22:03:59.702475,2092459
2025-08-01T22:16:28.086393,2092483
2025-08-01T22:30:13.129378,2092504
2025-08-01T22:41:46.898317,2092524
2025-08-01T22:53:56.366379,2092546
2025-08-01T23:04:02.176372,2092557
2025-08-01T23:16:34.752454,2092565
2025-08-01T23:29:31.869552,2092576
2025-08-01T23:39:23.125284,2092583
2025-08-01T23:47:58.885545,2092585
2025-08-01T23:55:03.569190,2092590
2025-08-02T00:16:39.542662,2092601
2025-08-02T00:41:15.772516,2092611
2025-08-02T01:16:45.643895,2092621
2025-08-02T02:02:07.798566,2092628
2025-08-02T02:47:45.393208,2092639
2025-08-02T03:20:53.514506,2092644
2025-08-02T03:49:09.696430,2092654
2025-08-02T04:07:55.323441,2092666
2025-08-02T04:23:38.880127,2092673
2025-08-02T04:43:23.971166,2092682
2025-08-02T04:58:58.968687,2092697
2025-08-02T05:11:12.306391,2092711
2025-08-02T05:29:33.430110,2092738
2025-08-02T05:43:32.398632,2092760
2025-08-02T05:55:07.260441,2092789
2025-08-02T06:05:16.580062,2092821
2025-08-02T06:17:21.987235,2092858
2025-08-02T06:33:06.920970,2092917
2025-08-02T06:48:15.969585,2092971
2025-08-02T06:57:41.388584,2093023
2025-08-02T07:08:34.479918,2093076
2025-08-02T07:20:15.556773,2093130
2025-08-02T07:30:55.690266,2093184
2025-08-02T07:43:33.642299,2093269
2025-08-02T07:52:23.328273,2093330
2025-08-02T08:04:55.648848,2093406
2025-08-02T08:17:12.656844,2093484
2025-08-02T08:32:28.678095,2093598
2025-08-02T08:46:46.850916,2093681
2025-08-02T08:56:35.401925,2093757
2025-08-02T09:07:20.212668,2093819
2025-08-02T09:19:16.641741,2093906
2025-08-02T09:33:04.581590,2094001
2025-08-02T09:44:49.578750,2094074
2025-08-02T09:52:58.072293,2094125
2025-08-02T10:03:55.959320,2094196
2025-08-02T10:16:37.529295,2094255
2025-08-02T10:30:29.500600,2094316
2025-08-02T10:46:08.803469,2094388
2025-08-02T10:54:30.466156,2094429
2025-08-02T11:03:34.341013,2094482
2025-08-02T11:16:05.511694,2094539
2025-08-02T11:26:33.734374,2094590
2025-08-02T11:34:41.935266,2094632
2025-08-02T11:43:31.403440,2094676
2025-08-02T11:52:23.221430,2094714
2025-08-02T12:06:07.307150,2094778
2025-08-02T12:18:52.434824,2094827
2025-08-02T12:36:32.770785,2094905
2025-08-02T12:57:58.235347,2095000
2025-08-02T13:16:13.573288,2095084
2025-08-02T13:31:44.745147,2095171
2025-08-02T13:46:35.081248,2095245
2025-08-02T13:54:24.392689,2095271
2025-08-02T14:03:54.758827,2095307
2025-08-02T14:16:15.082429,2095354
2025-08-02T14:29:02.271120,2095408
2025-08-02T14:39:45.848333,2095454
2025-08-02T14:48:38.437984,2095490
2025-08-02T14:55:41.595393,2095524
2025-08-02T15:04:19.219626,2095574
2025-08-02T15:16:27.058590,2095631
2025-08-02T15:29:32.426027,2095695
2025-08-02T15:39:16.970701,2095737
2025-08-02T15:47:46.279267,2095775
2025-08-02T15:55:11.891401,2095794
2025-08-02T16:04:07.967876,2095832
2025-08-02T16:17:00.664532,2095894
2025-08-02T16:32:28.222315,2095948
2025-08-02T16:47:24.809289,2096006
2025-08-02T16:57:03.969299,2096043
2025-08-02T17:06:19.005370,2096075
2025-08-02T17:17:26.325927,2096111
2025-08-02T17:29:57.968871,2096157
2025-08-02T17:40:22.138185,2096186
2025-08-02T17:48:40.610881,2096214
2025-08-02T17:55:42.995484,2096251
2025-08-02T18:05:44.326786,2096335
2025-08-02T18:17:50.654850,2096395
2025-08-02T18:33:43.250538,2096454
2025-08-02T18:48:12.546029,2096509
2025-08-02T18:57:22.292153,2096530
2025-08-02T19:06:41.728946,2096552
2025-08-02T19:17:41.614041,2096587
2025-08-02T19:26:58.406108,2096615
2025-08-02T19:35:15.929560,2096638
2025-08-02T19:43:28.691090,2096664
2025-08-02T19:52:28.624990,2096693
2025-08-02T20:04:08.236259,2096727
2025-08-02T20:16:38.715768,2096774
2025-08-02T20:30:24.347310,2096818
2025-08-02T20:44:50.424839,2096845
2025-08-02T20:53:11.502306,2096871
2025-08-02T21:03:55.822091,2096893
2025-08-02T21:16:34.049678,2096919
2025-08-02T21:28:18.725873,2096946
2025-08-02T21:37:23.724112,2096970
2025-08-02T21:46:10.644905,2096982
2025-08-02T21:53:17.170132,2096996
2025-08-02T22:03:54.374573,2097015
2025-08-02T22:16:18.748223,2097029
2025-08-02T22:29:43.794478,2097041
2025-08-02T22:40:56.107088,2097048
2025-08-02T22:53:16.268343,2097058
2025-08-02T23:04:14.334352,2097067
2025-08-02T23:16:25.188031,2097070
2025-08-02T23:30:03.397521,2097079
2025-08-02T23:40:56.259259,2097081
2025-08-02T23:53:50.333649,2097087
2025-08-03T00:19:12.216473,2097092
2025-08-03T00:48:20.673024,2097098
2025-08-03T01:21:27.799119,2097106
2025-08-03T02:15:21.164658,2097110
2025-08-03T03:03:29.201323,2097118
2025-08-03T03:46:46.444733,2097124
2025-08-03T04:14:48.866084,2097131
2025-08-03T04:37:02.463802,2097132
2025-08-03T04:57:17.513365,2097138
2025-08-03T05:14:01.570957,2097149
2025-08-03T05:30:03.564031,2097155
2025-08-03T05:44:35.760841,2097165
2025-08-03T05:55:13.742719,2097176
2025-08-03T06:05:31.789224,2097191
2025-08-03T06:17:46.466826,2097208
2025-08-03T06:33:40.666563,2097253
2025-08-03T06:48:32.350846,2097290
2025-08-03T06:58:14.071873,2097317
2025-08-03T07:08:55.964239,2097362
2025-08-03T07:20:30.674625,2097395
2025-08-03T07:34:57.613366,2097461
2025-08-03T07:43:52.746906,2097496
2025-08-03T07:52:19.460450,2097533
2025-08-03T08:04:55.531505,2097582
2025-08-03T08:17:09.753698,2097636
2025-08-03T08:32:20.220818,2097705
2025-08-03T08:47:04.739846,2097777
2025-08-03T08:56:14.346813,2097827
2025-08-03T09:05:42.782529,2097878
2025-08-03T09:16:56.353029,2097946
2025-08-03T09:30:46.936111,2098015
2025-08-03T09:44:52.792969,2098069
2025-08-03T09:52:50.355474,2098106
2025-08-03T10:04:04.653339,2098157
2025-08-03T10:16:30.964282,2098210
2025-08-03T10:30:32.884394,2098264
2025-08-03T10:45:48.880674,2098328
2025-08-03T10:53:55.313399,2098351
2025-08-03T11:03:28.659170,2098396
2025-08-03T11:16:11.688004,2098440
2025-08-03T11:27:27.548583,2098487
2025-08-03T11:36:59.442208,2098520
2025-08-03T11:45:16.342619,2098554
2025-08-03T11:52:25.804841,2098579
2025-08-03T12:06:03.467883,2098663
2025-08-03T12:18:49.918325,2098748
2025-08-03T12:36:31.419524,2098809
2025-08-03T12:59:26.401524,2098896
2025-08-03T13:18:27.263226,2098981
2025-08-03T13:34:45.021011,2099038
2025-08-03T13:47:37.559106,2099089
2025-08-03T13:55:45.186256,2099138
2025-08-03T14:04:08.909852,2099170
2025-08-03T14:16:06.523316,2099215
2025-08-03T14:28:48.569454,2099246
2025-08-03T14:39:27.730324,2099290
2025-08-03T14:48:15.421224,2099321
2025-08-03T14:55:06.938748,2099344
2025-08-03T15:03:57.764650,2099382
2025-08-03T15:16:34.011867,2099428
2025-08-03T15:30:25.355947,2099479
2025-08-03T15:40:29.507310,2099518
2025-08-03T15:53:24.303583,2099576
2025-08-03T16:04:15.306089,2099608
2025-08-03T16:17:00.759414,2099665
2025-08-03T16:32:04.670713,2099726
2025-08-03T16:47:18.310920,2099776
2025-08-03T16:56:42.693176,2099809
2025-08-03T17:06:06.372762,2099845
2025-08-03T17:17:27.091696,2099882
2025-08-03T17:30:37.236085,2099920
2025-08-03T17:45:15.925166,2099967
2025-08-03T17:53:10.064414,2099985
2025-08-03T18:05:02.887083,2100027
2025-08-03T18:17:26.579638,2100073
2025-08-03T18:33:17.145355,2100119
2025-08-03T18:48:18.383688,2100174
2025-08-03T18:57:52.822615,2100199
2025-08-03T19:07:19.849252,2100243
2025-08-03T19:18:26.632937,2100281
2025-08-03T19:28:04.202807,2100323
2025-08-03T19:36:32.583730,2100360
2025-08-03T19:43:56.742347,2100388
2025-08-03T19:52:11.226069,2100433
2025-08-03T20:04:16.479015,2100473
2025-08-03T20:16:55.023492,2100513
2025-08-03T20:31:16.362046,2100563
2025-08-03T20:45:24.421088,2100623
2025-08-03T20:53:38.668282,2100650
2025-08-03T21:03:33.357386,2100687
2025-08-03T21:16:26.538839,2100720
2025-08-03T21:28:40.297241,2100759
2025-08-03T21:38:05.082366,2100776
2025-08-03T21:46:34.678170,2100792
2025-08-03T21:53:38.914850,2100804
2025-08-03T22:04:07.091973,2100823
2025-08-03T22:16:33.957479,2100845
2025-08-03T22:30:12.992166,2100857
2025-08-03T22:41:50.702070,2100861
2025-08-03T22:54:00.454498,2100871
2025-08-03T23:04:01.618340,2100875
2025-08-03T23:16:51.546818,2100880
2025-08-03T23:29:42.617453,2100883
2025-08-03T23:39:21.742415,2100889
2025-08-03T23:48:21.161751,2100892
2025-08-03T23:55:27.359617,2100894
2025-08-04T00:19:44.458143,2100899
2025-08-04T00:47:46.651519,2100903
2025-08-04T01:20:40.958063,2100912
2025-08-04T02:15:20.950096,2100917
2025-08-04T03:04:32.964174,2100924
2025-08-04T03:47:57.626046,2100928
2025-08-04T04:18:33.392424,2100939
2025-08-04T04:44:30.574844,2100952
2025-08-04T05:08:01.161268,2100973
2025-08-04T05:26:00.596090,2100997
2025-08-04T05:44:32.060086,2101066
2025-08-04T05:59:51.697450,2101129
2025-08-04T06:17:11.985547,2101181
2025-08-04T06:34:08.084621,2101245
2025-08-04T06:54:50.133763,2101333
2025-08-04T07:10:16.256743,2101413
2025-08-04T07:24:18.232341,2101473
2025-08-04T07:40:28.672817,2101568
2025-08-04T07:55:05.710958,2101643
2025-08-04T08:06:05.952954,2101715
2025-08-04T08:18:39.654370,2101801
2025-08-04T08:35:08.849050,2101890
2025-08-04T08:49:41.552241,2101975
2025-08-04T09:01:07.369034,2102043
2025-08-04T09:18:46.796736,2102145
2025-08-04T09:35:29.476650,2102241
2025-08-04T09:49:53.965717,2102336
2025-08-04T09:59:07.521164,2102392
2025-08-04T10:11:32.079176,2102469
2025-08-04T10:29:58.303559,2102558
2025-08-04T10:44:56.675966,2102627
2025-08-04T10:55:55.606854,2102663
2025-08-04T11:05:52.002875,2102714
2025-08-04T11:17:06.996614,2102763
2025-08-04T11:29:21.931182,2102815
2025-08-04T11:38:53.881397,2102862
2025-08-04T11:47:34.090659,2102896
2025-08-04T11:54:41.834065,2102936
2025-08-04T12:07:09.765420,2102993
2025-08-04T12:20:42.082150,2103053
2025-08-04T12:45:51.386021,2103194
2025-08-04T13:08:50.996205,2103316
2025-08-04T13:29:24.898771,2103420
2025-08-04T13:49:05.776307,2103526
2025-08-04T14:01:29.034125,2103598
2025-08-04T14:17:24.853865,2103687
2025-08-04T14:32:40.050527,2103747
2025-08-04T14:48:33.763851,2103807
2025-08-04T14:57:49.005528,2103844
2025-08-04T15:09:32.332812,2103904
2025-08-04T15:22:21.177685,2103960
2025-08-04T15:38:52.346976,2104044
2025-08-04T15:49:44.222644,2104093
2025-08-04T15:58:34.869516,2104120
2025-08-04T16:11:15.924502,2104180
2025-08-04T16:30:38.304014,2104279
2025-08-04T16:50:18.819083,2104354
2025-08-04T17:01:50.113759,2104406
2025-08-04T17:17:40.239748,2104467
2025-08-04T17:32:31.018156,2104511
2025-08-04T17:47:07.821235,2104559
2025-08-04T17:56:01.415641,2104592
2025-08-04T18:07:29.933805,2104629
2025-08-04T18:20:29.215881,2104681
2025-08-04T18:44:18.841364,2104783
2025-08-04T18:58:28.167460,2104842
2025-08-04T19:09:40.414510,2104871
2025-08-04T19:21:46.387008,2104918
2025-08-04T19:35:08.977560,2104964
2025-08-04T19:44:20.287401,2105000
2025-08-04T19:52:34.052036,2105025
2025-08-04T20:04:38.205340,2105064
2025-08-04T20:17:00.120288,2105108
2025-08-04T20:32:00.426781,2105162
2025-08-04T20:45:56.485425,2105204
2025-08-04T20:54:06.987315,2105230
2025-08-04T21:03:57.174206,2105252
2025-08-04T21:16:43.162645,2105289
2025-08-04T21:29:59.859828,2105316
2025-08-04T21:40:07.124147,2105334
2025-08-04T21:48:50.827314,2105347
2025-08-04T21:55:52.299415,2105363
2025-08-04T22:05:03.200856,2105379
2025-08-04T22:16:44.210478,2105389
2025-08-04T22:30:49.517616,2105405
2025-08-04T22:46:23.673099,2105418
2025-08-04T22:55:14.742039,2105423
2025-08-04T23:04:09.237105,2105426
2025-08-04T23:16:34.652919,2105430
2025-08-04T23:29:42.508747,2105437
2025-08-04T23:39:45.916908,2105440
2025-08-04T23:48:42.394013,2105441
2025-08-04T23:55:53.232173,2105442
2025-08-05T00:22:24.198752,2105446
2025-08-05T00:48:16.301821,2105449
2025-08-05T01:21:08.510711,2105452
2025-08-05T02:15:13.391697,2105458
2025-08-05T03:01:55.505187,2105463
2025-08-05T03:46:02.165719,2105467
2025-08-05T04:13:41.270665,2105476
2025-08-05T04:36:53.498718,2105482
2025-08-05T04:57:24.237210,2105501
2025-08-05T05:15:45.591793,2105523
2025-08-05T05:30:59.406674,2105544
2025-08-05T05:49:15.633304,2105581
2025-08-05T05:58:26.607446,2105609
2025-08-05T06:14:07.731248,2105643
2025-08-05T06:31:09.269794,2105701
2025-08-05T06:52:33.916736,2105804
2025-08-05T07:07:49.753165,2105876
2025-08-05T07:20:57.044214,2105935
2025-08-05T07:38:38.952664,2106018
2025-08-05T07:48:57.460436,2106071
2025-08-05T07:56:28.811399,2106112
2025-08-05T08:08:45.856376,2106187
2025-08-05T08:21:54.721260,2106254
2025-08-05T08:42:46.323883,2106375
2025-08-05T08:58:10.273011,2106467
2025-08-05T09:12:50.479559,2106534
2025-08-05T09:30:24.829699,2106615
2025-08-05T09:47:40.340611,2106702
2025-08-05T09:56:45.786816,2106755
2025-08-05T10:07:43.635762,2106811
2025-08-05T10:19:52.606684,2106876
2025-08-05T10:34:57.402811,2106928
2025-08-05T10:47:48.283885,2106973
2025-08-05T10:57:13.507739,2107005
2025-08-05T11:07:47.837470,2107036
2025-08-05T11:19:22.373731,2107071
2025-08-05T11:30:35.295634,2107108
2025-08-05T11:44:34.650690,2107149
2025-08-05T11:52:55.495392,2107173
2025-08-05T12:07:33.446653,2107240
2025-08-05T12:21:11.521353,2107297
2025-08-05T12:45:57.977269,2107419
2025-08-05T13:08:26.316401,2107511
2025-08-05T13:28:44.096731,2107592
2025-08-05T13:48:46.436808,2107676
2025-08-05T14:01:44.016300,2107723
2025-08-05T14:17:34.204291,2107775
2025-08-05T14:32:46.049512,2107830
2025-08-05T14:48:22.781083,2107892
2025-08-05T14:58:08.638636,2107925
2025-08-05T15:10:15.054804,2107968
2025-08-05T15:23:28.762379,2108021
2025-08-05T15:38:46.187216,2108082
2025-08-05T15:48:30.516402,2108106
2025-08-05T15:55:47.023801,2108121
2025-08-05T16:05:02.310032,2108159
2025-08-05T16:17:09.454053,2108200
2025-08-05T16:31:41.850407,2108252
2025-08-05T16:46:26.812047,2108303
2025-08-05T16:55:57.600779,2108331
2025-08-05T17:05:21.589735,2108366
2025-08-05T17:16:39.567116,2108399
2025-08-05T17:30:12.077776,2108447
2025-08-05T17:42:09.483445,2108483
2025-08-05T17:54:09.523314,2108522
2025-08-05T18:05:45.952866,2108547
2025-08-05T18:18:17.200149,2108578
2025-08-05T18:35:02.902574,2108627
2025-08-05T18:51:44.132613,2108675
2025-08-05T19:06:23.422915,2108727
2025-08-05T19:18:28.063428,2108756
2025-08-05T19:30:23.178933,2108804
2025-08-05T19:39:53.322925,2108841
2025-08-05T19:48:17.223246,2108870
2025-08-05T19:55:20.870315,2108892
2025-08-05T20:04:32.910781,2108916
2025-08-05T20:16:47.709400,2108949
2025-08-05T20:31:07.859016,2108984
2025-08-05T20:45:34.163890,2109022
2025-08-05T20:54:27.345571,2109039
2025-08-05T21:04:09.891762,2109055
2025-08-05T21:16:41.950827,2109078
2025-08-05T21:29:58.898078,2109104
2025-08-05T21:39:52.940040,2109117
2025-08-05T21:48:40.294795,2109125
2025-08-05T21:55:43.473381,2109133
2025-08-05T22:04:33.632753,2109143
2025-08-05T22:16:50.467518,2109152
2025-08-05T22:30:59.055878,2109159
2025-08-05T22:46:19.768278,2109166
2025-08-05T22:54:59.763252,2109169
2025-08-05T23:04:14.160970,2109171
2025-08-05T23:16:35.861992,2109178
2025-08-05T23:29:57.954901,2109182
2025-08-05T23:39:55.754811,2109187
2025-08-05T23:48:49.391234,2109190
2025-08-05T23:56:05.324207,2109191
2025-08-06T00:24:05.175793,2109194
2025-08-06T00:48:19.809286,2109195
2025-08-06T01:21:07.871161,2109197
2025-08-06T02:15:07.019100,2109205
2025-08-06T03:01:23.349161,2109212
2025-08-06T03:45:28.054929,2109217
2025-08-06T04:11:39.939860,2109219
2025-08-06T04:34:39.822264,2109229
2025-08-06T04:55:16.390502,2109241
2025-08-06T05:11:00.785764,2109247
2025-08-06T05:30:45.897705,2109261
2025-08-06T05:49:48.209387,2109299
2025-08-06T05:59:13.779790,2109316
2025-08-06T06:14:36.739370,2109347
2025-08-06T06:31:11.705344,2109383
2025-08-06T06:52:37.823342,2109438
2025-08-06T07:07:57.521132,2109481
2025-08-06T07:20:51.579116,2109510
2025-08-06T07:38:37.132142,2109574
2025-08-06T07:48:50.154249,2109602
2025-08-06T07:56:44.390176,2109635
2025-08-06T08:09:31.492482,2109673
2025-08-06T08:22:55.888236,2109710
2025-08-06T08:42:36.811258,2109782
2025-08-06T08:58:17.460905,2109831
2025-08-06T09:13:00.809819,2109879
2025-08-06T09:30:20.774619,2109935
2025-08-06T09:44:35.206867,2109973
2025-08-06T09:55:29.140104,2110003
2025-08-06T10:04:53.605182,2110023
2025-08-06T10:17:01.511075,2110069
2025-08-06T10:32:00.140152,2110127
2025-08-06T10:47:38.263076,2110181
2025-08-06T10:57:01.509620,2110240
2025-08-06T11:07:15.884714,2110269
2025-08-06T11:18:40.373563,2110294
2025-08-06T11:30:09.358701,2110322
2025-08-06T11:39:39.351564,2110355
2025-08-06T11:48:10.166078,2110385
2025-08-06T11:55:12.455287,2110403
2025-08-06T12:07:28.040011,2110437
2025-08-06T12:21:11.930838,2110463
2025-08-06T12:45:59.859294,2110542
2025-08-06T13:08:36.255182,2110606
2025-08-06T13:29:04.697742,2110682
2025-08-06T13:49:09.943123,2110763
2025-08-06T14:01:46.903832,2110812
2025-08-06T14:17:20.091412,2110865
2025-08-06T14:32:28.093754,2110933
2025-08-06T14:48:11.330213,2110981
2025-08-06T14:58:01.245500,2111018
2025-08-06T15:10:09.807261,2111058
2025-08-06T15:23:09.401977,2111094
2025-08-06T15:38:37.641400,2111135
2025-08-06T15:48:51.715557,2111166
2025-08-06T15:57:45.764123,2111191
2025-08-06T16:10:56.049132,2111226
2025-08-06T16:30:32.731889,2111295
2025-08-06T16:49:20.771856,2111538
2025-08-06T17:00:02.448104,2111625
2025-08-06T17:11:56.041718,2111668
2025-08-06T17:29:16.890311,2111717
2025-08-06T17:42:19.047112,2111760
2025-08-06T17:54:15.790426,2111797
2025-08-06T18:05:23.504756,2111828
2025-08-06T18:17:40.522442,2111868
2025-08-06T18:33:44.701037,2111972
2025-08-06T18:50:15.072523,2112048
2025-08-06T19:00:53.105639,2112147
2025-08-06T19:16:40.558675,2112213
2025-08-06T19:28:13.863584,2112257
2025-08-06T19:37:58.609905,2112285
2025-08-06T19:46:10.839598,2112306
2025-08-06T19:53:35.358035,2112328
2025-08-06T20:04:31.009201,2112358
2025-08-06T20:16:55.192559,2112397
2025-08-06T20:31:43.088479,2112458
2025-08-06T20:45:48.949735,2112510
2025-08-06T20:55:03.751082,2112541
2025-08-06T21:04:12.280683,2112573
2025-08-06T21:16:13.482589,2112596
2025-08-06T21:28:26.885140,2112616
2025-08-06T21:37:51.767692,2112637
2025-08-06T21:46:48.456629,2112683
2025-08-06T21:54:04.333495,2112722
2025-08-06T22:04:06.917563,2112735
2025-08-06T22:16:43.608477,2112756
2025-08-06T22:30:50.600962,2112767
2025-08-06T22:46:18.493575,2112776
2025-08-06T22:54:51.800669,2112781
2025-08-06T23:04:07.520106,2112782
2025-08-06T23:16:41.990688,2112787
2025-08-06T23:29:45.629976,2112792
2025-08-06T23:39:36.923118,2112796
2025-08-06T23:48:45.290484,2112797
2025-08-06T23:56:06.300158,2112800
2025-08-07T00:24:42.927760,2112808
2025-08-07T00:48:10.887679,2112811
2025-08-07T01:21:01.788965,2112818
2025-08-07T02:15:03.994886,2112826
2025-08-07T03:01:24.636719,2112828
2025-08-07T03:45:30.694002,2112832
2025-08-07T04:11:46.639867,2112840
2025-08-07T04:34:31.420576,2112866
2025-08-07T04:55:01.941666,2112909
2025-08-07T05:10:54.631729,2112950
2025-08-07T05:30:22.146882,2113010
2025-08-07T05:45:55.167961,2113057
2025-08-07T05:56:01.090990,2113089
2025-08-07T06:08:38.229922,2113165
2025-08-07T06:22:07.734715,2113337
2025-08-07T06:44:31.388664,2113533
2025-08-07T06:59:16.053993,2113626
2025-08-07T07:13:17.325103,2113751
2025-08-07T07:29:58.711834,2113893
2025-08-07T07:42:07.988742,2113970
2025-08-07T07:53:41.130359,2114057
2025-08-07T08:05:29.625455,2114148
2025-08-07T08:17:45.665477,2114240
2025-08-07T08:33:49.228758,2114349
2025-08-07T08:49:14.802740,2114444
2025-08-07T09:00:25.120348,2114510
2025-08-07T09:17:45.465935,2114620
2025-08-07T09:33:23.788032,2114719
2025-08-07T09:47:10.910344,2114784
2025-08-07T09:56:23.950817,2114831
2025-08-07T10:06:37.271674,2114884
2025-08-07T10:18:25.702475,2114945
2025-08-07T10:33:19.062333,2115006
2025-08-07T10:47:07.991283,2115078
2025-08-07T10:56:33.634077,2115127
2025-08-07T11:06:38.959831,2115179
2025-08-07T11:18:09.479053,2115258
2025-08-07T11:29:40.391398,2115334
2025-08-07T11:39:05.152779,2115372
2025-08-07T11:47:27.111491,2115407
2025-08-07T11:54:34.695950,2115449
2025-08-07T12:07:08.325024,2115506
2025-08-07T12:20:40.434709,2115566
2025-08-07T12:45:57.953582,2115690
2025-08-07T13:08:26.273173,2115813
2025-08-07T13:28:26.859800,2115914
2025-08-07T13:47:54.515812,2116005
2025-08-07T14:00:12.142539,2116074
2025-08-07T14:12:02.703641,2116117
2025-08-07T14:29:46.814384,2116202
2025-08-07T14:44:17.558061,2116254
2025-08-07T14:55:40.998512,2116304
2025-08-07T15:05:39.620825,2116346
2025-08-07T15:17:27.593134,2116390
2025-08-07T15:32:23.623971,2116452
2025-08-07T15:46:07.891959,2116499
2025-08-07T15:54:21.773803,2116517
2025-08-07T16:04:56.661988,2116568
2025-08-07T16:17:24.459956,2116621
2025-08-07T16:33:14.692893,2116688
2025-08-07T16:48:32.768268,2116751
2025-08-07T16:59:16.056839,2116790
2025-08-07T17:10:37.246487,2116846
2025-08-07T17:29:39.561082,2116938
2025-08-07T17:42:06.512000,2117013
2025-08-07T17:53:42.569864,2117068
2025-08-07T18:05:33.005821,2117136
2025-08-07T18:17:53.270963,2117218
2025-08-07T18:34:18.970475,2117273
2025-08-07T18:51:12.678995,2117323
2025-08-07T19:05:50.335305,2117377
2025-08-07T19:17:21.756179,2117422
2025-08-07T19:28:04.268237,2117460
2025-08-07T19:36:48.571732,2117486
2025-08-07T19:44:41.901835,2117512
2025-08-07T19:52:28.790006,2117536
2025-08-07T20:04:32.599169,2117576
2025-08-07T20:17:00.893875,2117609
2025-08-07T20:31:54.112076,2117662
2025-08-07T20:45:53.929432,2117705
2025-08-07T20:54:49.358210,2117720
2025-08-07T21:03:34.393903,2117738
2025-08-07T21:16:17.657115,2117768
2025-08-07T21:28:43.528738,2117782
2025-08-07T21:38:31.017209,2117804
2025-08-07T21:47:19.604397,2117815
2025-08-07T21:54:25.230642,2117822
2025-08-07T22:04:07.077136,2117833
2025-08-07T22:16:40.000407,2117845
2025-08-07T22:30:37.712382,2117857
2025-08-07T22:46:24.853438,2117869
2025-08-07T22:55:24.289207,2117877
2025-08-07T23:04:12.725862,2117879
2025-08-07T23:16:40.745202,2117883
2025-08-07T23:29:51.793978,2117887
2025-08-07T23:39:41.694675,2117890
2025-08-07T23:48:50.276020,2117892
2025-08-07T23:56:12.988027,2117895
2025-08-08T00:25:24.782267,2117901
2025-08-08T00:48:19.054644,2117907
2025-08-08T01:21:05.697152,2117913
2025-08-08T02:15:08.001282,2117917
2025-08-08T03:01:14.916677,2117922
2025-08-08T03:45:22.666951,2117930
2025-08-08T04:11:20.694313,2117937
2025-08-08T04:34:17.569465,2117944
2025-08-08T04:54:56.313087,2117951
2025-08-08T05:10:36.356974,2117963
2025-08-08T05:30:32.680548,2117985
2025-08-08T05:48:46.813403,2118015
2025-08-08T05:57:57.400270,2118039
2025-08-08T06:13:46.397460,2118091
2025-08-08T06:31:01.673542,2118126
2025-08-08T06:52:16.222487,2118178
2025-08-08T07:08:08.914588,2118227
2025-08-08T07:21:06.749184,2118259
2025-08-08T07:37:51.733434,2118311
2025-08-08T07:47:34.179713,2118345
2025-08-08T07:55:13.633868,2118379
2025-08-08T08:05:45.948445,2118420
2025-08-08T08:18:01.293620,2118462
2025-08-08T08:34:04.074414,2118520
2025-08-08T08:48:38.038233,2118565
2025-08-08T08:59:48.994374,2118608
2025-08-08T09:13:30.325605,2118651
2025-08-08T09:30:11.381195,2118692
2025-08-08T09:43:45.895234,2118723
2025-08-08T09:54:58.708482,2118752
2025-08-08T10:04:28.179242,2118777
2025-08-08T10:16:53.542307,2118812
2025-08-08T10:31:39.992302,2118837
2025-08-08T10:47:08.511383,2118872
2025-08-08T10:56:14.509680,2118892
2025-08-08T11:05:50.043290,2118907
2025-08-08T11:16:44.067965,2118934
2025-08-08T11:28:37.025717,2118961
2025-08-08T11:38:04.491062,2118977
2025-08-08T11:46:43.202279,2118991
2025-08-08T11:53:53.248124,2118999
2025-08-08T12:06:52.603826,2119032
2025-08-08T12:20:12.267418,2119054
2025-08-08T12:38:36.699282,2119094
2025-08-08T13:02:53.097039,2119144
2025-08-08T13:25:12.317250,2119189
2025-08-08T13:44:06.990345,2119220
2025-08-08T13:57:47.094204,2119249
2025-08-08T14:09:53.245776,2119282
2025-08-08T14:22:31.349632,2119304
2025-08-08T14:39:07.082058,2119331
2025-08-08T14:50:03.546785,2119351
2025-08-08T14:58:33.412632,2119364
2025-08-08T15:09:13.282771,2119382
2025-08-08T15:21:35.013803,2119407
2025-08-08T15:38:03.615677,2119429
2025-08-08T15:48:12.117820,2119451
2025-08-08T15:56:35.833987,2119462
2025-08-08T16:06:26.105101,2119484
2025-08-08T16:18:38.267378,2119524
2025-08-08T16:34:25.002002,2119575
2025-08-08T16:46:12.787053,2119597
2025-08-08T16:55:05.503728,2119632
2025-08-08T17:03:47.311982,2119653
2025-08-08T17:16:08.165708,2119674
2025-08-08T17:27:56.141086,2119691
2025-08-08T17:38:20.906324,2119706
2025-08-08T17:47:02.516823,2119713
2025-08-08T17:54:19.943507,2119722
2025-08-08T18:04:49.601830,2119730
2025-08-08T18:17:33.376444,2119750
2025-08-08T18:33:17.545577,2119777
2025-08-08T18:48:33.441357,2119806
2025-08-08T18:58:04.270858,2119823
2025-08-08T19:07:25.738541,2119843
2025-08-08T19:18:25.969866,2119859
2025-08-08T19:27:25.077525,2119868
2025-08-08T19:35:23.969340,2119873
2025-08-08T19:42:54.636676,2119881
2025-08-08T19:52:26.077318,2119891
2025-08-08T20:04:46.635291,2119910
2025-08-08T20:16:50.905000,2119925
2025-08-08T20:31:05.364295,2119941
2025-08-08T20:45:13.675888,2119957
2025-08-08T20:53:28.894793,2119969
2025-08-08T21:03:33.405698,2119984
2025-08-08T21:16:30.070481,2120004
2025-08-08T21:28:19.148345,2120025
2025-08-08T21:37:33.377605,2120031
2025-08-08T21:45:46.295112,2120035
2025-08-08T21:52:49.488026,2120036
2025-08-08T22:04:11.049219,2120039
2025-08-08T22:16:27.848920,2120042
2025-08-08T22:29:46.991209,2120048
2025-08-08T22:40:41.471998,2120048
2025-08-08T22:53:20.380026,2120050
2025-08-08T23:04:11.488081,2120050
2025-08-08T23:16:32.354810,2120054
2025-08-08T23:28:11.939856,2120055
2025-08-08T23:37:26.234238,2120057
2025-08-08T23:45:55.228531,2120060
2025-08-08T23:53:00.441010,2120061
2025-08-09T00:15:51.397865,2120063
2025-08-09T00:40:05.814000,2120066
2025-08-09T01:09:02.450678,2120069
2025-08-09T01:50:55.256687,2120070
2025-08-09T02:35:21.986732,2120069
2025-08-09T03:10:37.505914,2120073
2025-08-09T03:40:25.139758,2120075
2025-08-09T04:01:55.749075,2120079
2025-08-09T04:18:24.562973,2120080
2025-08-09T04:34:18.882981,2120082
2025-08-09T04:47:39.288486,2120083
2025-08-09T04:57:09.475609,2120086
2025-08-09T05:07:49.485588,2120089
2025-08-09T05:19:33.789971,2120090
2025-08-09T05:32:43.716539,2120095
2025-08-09T05:45:16.089785,2120102
2025-08-09T05:52:56.249663,2120109
2025-08-09T06:05:09.803105,2120116
2025-08-09T06:17:26.348619,2120121
2025-08-09T06:33:15.253435,2120133
2025-08-09T06:48:06.360150,2120151
2025-08-09T06:57:17.180765,2120162
2025-08-09T07:07:26.446158,2120173
2025-08-09T07:18:51.925974,2120182
2025-08-09T07:29:23.921293,2120192
2025-08-09T07:37:38.735341,2120202
2025-08-09T07:44:53.737177,2120220
2025-08-09T07:52:17.850203,2120228
2025-08-09T08:04:38.743080,2120237
2025-08-09T08:17:07.538577,2120253
2025-08-09T08:32:18.242796,2120268
2025-08-09T08:46:24.169058,2120282
2025-08-09T08:55:17.592794,2120287
2025-08-09T09:04:14.350918,2120302
2025-08-09T09:16:33.299765,2120321
2025-08-09T09:29:11.273355,2120336
2025-08-09T09:38:23.673270,2120349
2025-08-09T09:46:20.438558,2120357
2025-08-09T09:53:19.721746,2120368
2025-08-09T10:04:02.347511,2120376
2025-08-09T10:16:39.476268,2120399
2025-08-09T10:30:10.390235,2120412
2025-08-09T10:41:10.445934,2120428
2025-08-09T10:52:47.366337,2120436
2025-08-09T11:03:22.326844,2120445
2025-08-09T11:15:53.876784,2120454
2025-08-09T11:25:59.087784,2120463
2025-08-09T11:34:04.110430,2120466
2025-08-09T11:43:09.545526,2120475
2025-08-09T11:52:28.263921,2120484
2025-08-09T12:06:10.727173,2120490
2025-08-09T12:18:58.385711,2120504
2025-08-09T12:36:35.805436,2120523
2025-08-09T12:57:14.050131,2120542
2025-08-09T13:14:51.903855,2120558
2025-08-09T13:30:26.572072,2120584
2025-08-09T13:45:43.948781,2120604
2025-08-09T13:53:23.124873,2120613
2025-08-09T14:03:47.496319,2120621
2025-08-09T14:16:23.378415,2120634
2025-08-09T14:28:52.377717,2120643
2025-08-09T14:39:13.841685,2120652
2025-08-09T14:47:36.256038,2120658
2025-08-09T14:54:35.303310,2120662
2025-08-09T15:03:41.202953,2120671
2025-08-09T15:16:24.066053,2120679
2025-08-09T15:28:50.538345,2120699
2025-08-09T15:38:19.403324,2120704
2025-08-09T15:46:21.656152,2120711
2025-08-09T15:53:33.143509,2120722
2025-08-09T16:04:26.883940,2120727
2025-08-09T16:17:00.330066,2120735
2025-08-09T16:31:49.754389,2120750
2025-08-09T16:46:38.670382,2120759
2025-08-09T16:55:15.160720,2120765
2025-08-09T17:03:29.752742,2120772
2025-08-09T17:16:07.731852,2120782
2025-08-09T17:27:36.533305,2120788
